,title,studio,domestic_gross,foreign_gross,year
0,Toy Story 3 (BV),BV,415000000.0,652000000.0,2010
1,Alice in Wonderland (2010) (BV),BV,334200000.0,691300000.0,2010
2,Harry Potter and the Deathly Hallows Part 1 (WB),WB,296000000.0,664300000.0,2010
3,Inception (WB),WB,292600000.0,535700000.0,2010
4,Shrek Forever After (P/DW),P/DW,238700000.0,513900000.0,2010
5,The Twilight Saga: Eclipse (Sum.),Sum.,300500000.0,398000000.0,2010
6,Iron Man 2 (Par.),Par.,312400000.0,311500000.0,2010
7,Tangled (BV),BV,200800000.0,391000000.0,2010
8,Despicable Me (Uni.),Uni.,251500000.0,291600000.0,2010
9,How to Train Your Dragon (P/DW),P/DW,217600000.0,277300000.0,2010
10,Clash of the Titans (2010) (WB),WB,163200000.0,330000000.0,2010
11,The Chronicles of Narnia: The Voyage of the Dawn Treader (Fox),Fox,104400000.0,311300000.0,2010
12,The King's Speech (Wein.),Wein.,135500000.0,275400000.0,2010
13,Tron Legacy (BV),BV,172100000.0,228000000.0,2010
14,The Karate Kid (Sony),Sony,176600000.0,182500000.0,2010
15,Prince of Persia: The Sands of Time (BV),BV,90800000.0,245600000.0,2010
16,Black Swan (FoxS),FoxS,107000000.0,222400000.0,2010
17,Megamind (P/DW),P/DW,148400000.0,173500000.0,2010
18,Robin Hood (Uni.),Uni.,105300000.0,216400000.0,2010
19,The Last Airbender (Par.),Par.,131800000.0,187900000.0,2010
20,Little Fockers (Uni.),Uni.,148400000.0,162200000.0,2010
21,Resident Evil: Afterlife (SGem),SGem,60100000.0,240100000.0,2010
22,Shutter Island (Par.),Par.,128000000.0,166800000.0,2010
23,Salt (Sony),Sony,118300000.0,175200000.0,2010
24,Sex and the City 2 (WB (NL)),WB (NL),95300000.0,193000000.0,2010
25,The Tourist (Sony),Sony,67600000.0,210700000.0,2010
26,The Expendables (LGF),LGF,103100000.0,171400000.0,2010
27,Grown Ups (Sony),Sony,162000000.0,109400000.0,2010
28,Knight & Day (Fox),Fox,76400000.0,185500000.0,2010
29,True Grit (Par.),Par.,171200000.0,81000000.0,2010
30,Gulliver's Travels (Fox),Fox,42800000.0,194600000.0,2010
31,Percy Jackson & The Olympians: The Lightning Thief (Fox),Fox,88800000.0,137700000.0,2010
32,The Social Network (Sony),Sony,97000000.0,128000000.0,2010
33,Valentine's Day (WB (NL)),WB (NL),110500000.0,106000000.0,2010
34,The Sorcerer's Apprentice (BV),BV,63200000.0,152100000.0,2010
35,Due Date (WB),WB,100500000.0,111200000.0,2010
36,Eat Pray Love (Sony),Sony,80600000.0,124000000.0,2010
37,Yogi Bear (WB),WB,100200000.0,101300000.0,2010
38,Red (Sum.),Sum.,90400000.0,108600000.0,2010
39,Paranormal Activity 2 (Par.),Par.,84800000.0,92800000.0,2010
40,The A-Team (Fox),Fox,77200000.0,100000000.0,2010
41,Jackass 3-D (Par.),Par.,117200000.0,54500000.0,2010
42,The Other Guys (Sony),Sony,119200000.0,51200000.0,2010
43,Unstoppable (Fox),Fox,81600000.0,86200000.0,2010
44,Step Up 3-D (BV),BV,42400000.0,116900000.0,2010
45,The Book of Eli (WB),WB,94800000.0,62300000.0,2010
46,The Town (WB),WB,92200000.0,61800000.0,2010
47,Date Night (Fox),Fox,98700000.0,53600000.0,2010
48,Legend of the Guardians: The Owls of Ga'Hoole (WB),WB,55700000.0,84400000.0,2010
49,The Wolfman (Uni.),Uni.,62000000.0,77800000.0,2010
50,The Bounty Hunter (Sony),Sony,67099999.0,69300000.0,2010
51,Saw 3D (LGF),LGF,45700000.0,90400000.0,2010
52,Wall Street: Money Never Sleeps (Fox),Fox,52500000.0,82300000.0,2010
53,The Fighter (Par.),Par.,93600000.0,35600000.0,2010
54,Predators (Fox),Fox,52000000.0,75200000.0,2010
55,A Nightmare on Elm Street (2010) (WB (NL)),WB (NL),63100000.0,52600000.0,2010
56,Dear John (SGem),SGem,80000000.0,35000000.0,2010
57,Cats & Dogs: The Revenge of Kitty Galore (WB),WB,43600000.0,68900000.0,2010
58,Tooth Fairy (Fox),Fox,60000000.0,52400000.0,2010
59,Life as We Know It (WB),WB,53400000.0,52300000.0,2010
60,Hereafter (WB),WB,32700000.0,72500000.0,2010
61,The Girl with the Dragon Tattoo (MBox),MBox,10100000.0,94300000.0,2010
62,Love and Other Drugs (Fox),Fox,32400000.0,70500000.0,2010
63,Aftershock (Tangshan Dadizhen) (CL),CL,63000.0,100200000.0,2010
64,Killers (LGF),LGF,47100000.0,51100000.0,2010
65,Kick-Ass (LGF),LGF,48100000.0,48100000.0,2010
66,Green Zone (Uni.),Uni.,35100000.0,59800000.0,2010
67,Nanny McPhee Returns (Uni.),Uni.,29000000.0,64200000.0,2010
68,Get Him to the Greek (Uni.),Uni.,61000000.0,30300000.0,2010
69,Burlesque (SGem),SGem,39400000.0,50100000.0,2010
70,The Last Song (BV),BV,63000000.0,26100000.0,2010
71,Dinner for Schmucks (P/DW),P/DW,73000000.0,13800000.0,2010
72,Marmaduke (Fox),Fox,33600000.0,50100000.0,2010
73,Piranha 3D (W/Dim.),W/Dim.,25000000.0,58200000.0,2010
74,Oceans (BV),BV,19400000.0,63200000.0,2010
75,Edge of Darkness (WB),WB,43300000.0,37800000.0,2010
76,Vampires Suck (Fox),Fox,36700000.0,43900000.0,2010
77,Letters to Juliet (Sum.),Sum.,53000000.0,26100000.0,2010
78,The Back-Up Plan (CBS),CBS,37500000.0,40000000.0,2010
79,If You Are the One 2 (Fei Cheng Wu Rao II) (CL),CL,427000.0,75600000.0,2010
80,Diary of a Wimpy Kid (Fox),Fox,64000000.0,11700000.0,2010
81,Easy A (SGem),SGem,58400000.0,16600000.0,2010
82,Hubble 3D (WB),WB,52400000.0,21500000.0,2010
83,Takers (SGem),SGem,57700000.0,11300000.0,2010
84,Tales from Earthsea (BV),BV,48500.0,68600000.0,2010
85,Legion (2010) (SGem),SGem,40200000.0,27800000.0,2010
86,The American (Focus),Focus,35600000.0,32299999.0,2010
87,The Last Exorcism (LGF),LGF,41000000.0,26700000.0,2010
88,The Next Three Days (LGF),LGF,21100000.0,46300000.0,2010
89,The Girl Who Played with Fire (MBox),MBox,7600000.0,59500000.0,2010
90,Skyline (Uni.),Uni.,21400000.0,45400000.0,2010
91,Hot Tub Time Machine (MGM),MGM,50300000.0,14300000.0,2010
92,Devil (Uni.),Uni.,33600000.0,29100000.0,2010
93,127 Hours (FoxS),FoxS,18300000.0,42400000.0,2010
94,Tyler Perry's Why Did I Get Married Too? (LGF),LGF,60100000.0,578000.0,2010
95,Secretariat (BV),BV,59700000.0,537000.0,2010
96,The Ghost Writer (Sum.),Sum.,15500000.0,44700000.0,2010
97,Morning Glory (Par.),Par.,31000000.0,29000000.0,2010
98,Remember Me (Sum.),Sum.,19100000.0,37000000.0,2010
99,Cop Out (WB),WB,44900000.0,10700000.0,2010
100,The Crazies (Over.),Over.,39100000.0,15700000.0,2010
101,From Paris with Love (LGF),LGF,24100000.0,28700000.0,2010
102,Daybreakers (LGF),LGF,30100000.0,21300000.0,2010
103,Alpha and Omega (LGF),LGF,25100000.0,25400000.0,2010
104,The Switch (Mira.),Mira.,27800000.0,22100000.0,2010
105,She's Out of My League (Par.),Par.,32000000.0,17800000.0,2010
106,Death at a Funeral (2010) (SGem),SGem,42700000.0,6300000.0,2010
107,How Do You Know (Sony),Sony,30200000.0,18500000.0,2010
108,Charlie St. Cloud (Uni.),Uni.,31200000.0,17000000.0,2010
109,Scott Pilgrim vs. the World (Uni.),Uni.,31500000.0,16100000.0,2010
110,Heartbreaker (IFC),IFC,504000.0,46900000.0,2010
111,The Spy Next Door (LGF),LGF,24300000.0,20900000.0,2010
112,"The Good, the Bad, the Weird (IFC)",IFC,128000.0,44100000.0,2010
113,Machete (Fox),Fox,26600000.0,17500000.0,2010
114,The Girl Who Kicked the Hornet's Nest (MBox),MBox,5200000.0,38300000.0,2010
115,The Man From Nowhere (CJ),CJ,528000.0,42500000.0,2010
116,When in Rome (BV),BV,32700000.0,10400000.0,2010
117,My Name is Khan (FoxS),FoxS,4000000.0,38300000.0,2010
118,Going the Distance (WB (NL)),WB (NL),17800000.0,24200000.0,2010
119,The Concert (Wein.),Wein.,658000.0,40500000.0,2010
120,Agora (NM),NM,619000.0,38400000.0,2010
121,For Colored Girls (LGF),LGF,37700000.0,17300.0,2010
122,Brooklyn's Finest (Over.),Over.,27200000.0,9300000.0,2010
123,Furry Vengeance (Sum.),Sum.,17600000.0,18600000.0,2010
124,Faster (CBS),CBS,23200000.0,12400000.0,2010
125,The Kids Are All Right (Focus),Focus,20800000.0,13900000.0,2010
126,You Will Meet a Tall Dark Stranger (SPC),SPC,3200000.0,31000000.0,2010
127,The Secret in Their Eyes (SPC),SPC,6400000.0,27600000.0,2010
128,Avatar: Special Edition (Fox),Fox,10700000.0,22500000.0,2010
129,Leap Year (Uni.),Uni.,25900000.0,6700000.0,2010
130,You Again (BV),BV,25700000.0,6300000.0,2010
131,Mesrine: Killer Instinct (MBox),MBox,552000.0,30500000.0,2010
132,The Losers (WB),WB,23600000.0,5800000.0,2010
133,Case 39 (ParV),ParV,13300000.0,14900000.0,2010
134,Ramona and Beezus (Fox),Fox,26200000.0,1100000.0,2010
135,Splice (WB),WB,17000000.0,9800000.0,2010
136,Fair Game (2010) (Sum.),Sum.,9500000.0,14600000.0,2010
137,Let Me In (Over.),Over.,12100000.0,12000000.0,2010
138,Mao's Last Dancer (Gold.),Gold.,4800000.0,17500000.0,2010
139,Just Wright (FoxS),FoxS,21500000.0,29900.0,2010
140,Our Family Wedding (FoxS),FoxS,20300000.0,1200000.0,2010
141,My Soul to Take (Uni.),Uni.,14700000.0,6200000.0,2010
142,71 Into the Fire (JS),JS,177000.0,20800000.0,2010
143,"I Love You, Phillip Morris (RAtt.)",RAtt.,2000000.0,18700000.0,2010
144,Country Strong (SGem),SGem,20200000.0,310000.0,2010
145,Another Year (SPC),SPC,3200000.0,16500000.0,2010
146,Youth in Revolt (W/Dim.),W/Dim.,15300000.0,4400000.0,2010
147,Buried (LGF),LGF,1000000.0,18100000.0,2010
148,[Rec] 2 (Magn.),Magn.,27800.0,18500000.0,2010
149,Repo Men (Uni.),Uni.,13800000.0,4600000.0,2010
150,A Prophet (Un prophète) (SPC),SPC,2100000.0,15800000.0,2010
151,Soul Kitchen (IFC),IFC,277000.0,17600000.0,2010
152,Mother (2010) (Magn.),Magn.,552000.0,16600000.0,2010
153,Micmacs (SPC),SPC,1300000.0,15100000.0,2010
154,The Nutcracker in 3D (Free),Free,195000.0,16000000.0,2010
155,Sea Rex 3D: Journey to a Prehistoric World (3D),3D,6100000.0,9900000.0,2010
156,I Hate Luv Storys (UTV),UTV,848000.0,14900000.0,2010
157,Extraordinary Measures (CBS),CBS,12100000.0,3100000.0,2010
158,Somewhere (Focus),Focus,1800000.0,12200000.0,2010
159,Winter's Bone (RAtt.),RAtt.,6500000.0,7300000.0,2010
160,The Last Station (SPC),SPC,6600000.0,6900000.0,2010
161,Raajneeti (UTV),UTV,1500000.0,11100000.0,2010
162,Made in Dagenham (SPC),SPC,1100000.0,11300000.0,2010
163,Blue Valentine (Wein.),Wein.,9700000.0,2600000.0,2010
164,Tamara Drewe (SPC),SPC,560000.0,11400000.0,2010
165,Chloe (SPC),SPC,3100000.0,8600000.0,2010
166,Looking for Eric (IFC),IFC,55800.0,11500000.0,2010
167,The Warrior's Way (Rela.),Rela.,5700000.0,5400000.0,2010
168,I Am Love (Magn.),Magn.,5000000.0,5900000.0,2010
169,Jonah Hex (WB),WB,10500000.0,356000.0,2010
170,Harry Brown (Gold.),Gold.,1800000.0,8500000.0,2010
171,Cyrus (FoxS),FoxS,7500000.0,2500000.0,2010
172,Conviction (FoxS),FoxS,6800000.0,2900000.0,2010
173,Get Low (SPC),SPC,9200000.0,518000.0,2010
174,Babies (Focus),Focus,7300000.0,2200000.0,2010
175,Stone (Over.),Over.,1800000.0,7700000.0,2010
176,Peepli Live (UTV),UTV,758000.0,8700000.0,2010
177,Never Let Me Go (FoxS),FoxS,2400000.0,7000000.0,2010
178,Mid-August Lunch (Zeit.),Zeit.,675000.0,8700000.0,2010
179,MacGruber (Uni.),Uni.,8500000.0,797000.0,2010
180,City Island (Anch.),Anch.,6700000.0,1200000.0,2010
181,Inside Job (SPC),SPC,4300000.0,3600000.0,2010
182,The Joneses (RAtt.),RAtt.,1500000.0,5500000.0,2010
183,Centurion (Magn.),Magn.,124000.0,6700000.0,2010
184,Animal Kingdom (SPC),SPC,1000000.0,5700000.0,2010
185,Nowhere Boy (Wein.),Wein.,1500000.0,5100000.0,2010
186,It's Kind of a Funny Story (Focus),Focus,6400000.0,128000.0,2010
187,"Waiting for ""Superman"" (ParV)",ParV,6400000.0,9300.0,2010
188,Greenberg (Focus),Focus,4200000.0,1900000.0,2010
189,Coco Chanel & Igor Stravinsky (SPC),SPC,1600000.0,4099999.0,2010
190,Vincere (IFC),IFC,619000.0,5100000.0,2010
191,The Illusionist (2010) (SPC),SPC,2200000.0,3400000.0,2010
192,Exit Through the Gift Shop (PDA),PDA,3300000.0,2000000.0,2010
193,Mademoiselle Chambon (Lorb.),Lorb.,532000.0,4700000.0,2010
194,Solitary Man (Anch.),Anch.,4400000.0,818000.0,2010
195,Rabbit Hole (LGF),LGF,2200000.0,2900000.0,2010
196,Vision (Zeit.),Zeit.,435000.0,4600000.0,2010
197,Mother and Child (SPC),SPC,1100000.0,3900000.0,2010
198,The Runaways (App.),App.,3600000.0,1100000.0,2010
199,Four Lions (Drft.),Drft.,305000.0,4400000.0,2010
200,Wild Grass (SPC),SPC,404000.0,4200000.0,2010
201,Please Give (SPC),SPC,4000000.0,280000.0,2010
202,Monsters (Magn.),Magn.,237000.0,4000000.0,2010
203,Rare Exports: A Christmas Tale (Osci.),Osci.,236000.0,3800000.0,2010
204,The Killer Inside Me (IFC),IFC,217000.0,3800000.0,2010
205,The Perfect Game (IW),IW,1000000.0,2800000.0,2010
206,To Save a Life (Gold.),Gold.,3800000.0,45800.0,2010
207,Inspector Bellamy (IFC),IFC,108000.0,3600000.0,2010
208,Catfish (Rog.),Rog.,3200000.0,242000.0,2010
209,Wild Target (Free),Free,109000.0,3300000.0,2010
211,Frozen (2010) (Anch.),Anch.,246000.0,2900000.0,2010
212,Dabangg (Eros),Eros,1300000.0,1700000.0,2010
213,Kites (Relbig.),Relbig.,1600000.0,1300000.0,2010
214,Letters to God (Viv.),Viv.,2800000.0,60300.0,2010
215,Twelve (Hann.),Hann.,184000.0,2400000.0,2010
216,Tees Maar Khan (UTV),UTV,1100000.0,1400000.0,2010
217,Fish Tank (IFC),IFC,375000.0,2000000.0,2010
218,Housefull (Eros),Eros,1200000.0,1200000.0,2010
219,Golmaal 3 (Eros),Eros,1100000.0,935000.0,2010
220,After.Life (Anch.),Anch.,109000.0,1900000.0,2010
221,Cairo Time (IFC),IFC,1600000.0,391000.0,2010
222,Flipped (WB),WB,1800000.0,19400000.0,2010
223,Guzaarish (UTV),UTV,1000000.0,695000.0,2010
224,Ondine (Magn.),Magn.,550000.0,1100000.0,2010
225,Anjaana Anjaani (Eros),Eros,855000.0,761000.0,2010
226,John Rabe (Strand),Strand,67500.0,1400000.0,2010
227,Restrepo (NGE),NGE,1300000.0,105000.0,2010
228,Raavan (Relbig.),Relbig.,709000.0,648000.0,2010
229,The City of Your Final Destination (Scre.),Scre.,493000.0,859000.0,2010
231,Ajami (Kino),Kino,622000.0,669000.0,2010
232,Army of Crime (Lorb.),Lorb.,37000.0,1200000.0,2010
233,Lebanon (SPC),SPC,368000.0,830000.0,2010
234,Howl (Osci.),Osci.,617000.0,566000.0,2010
235,Videocracy (Kino),Kino,23700.0,1200000.0,2010
236,When You're Strange (Abr.),Abr.,246000.0,901000.0,2010
237,The Salvation Poem (Poema de Salvacion) (CZ),CZ,915000.0,183000.0,2010
238,Casino Jack (ATO),ATO,1000000.0,40700.0,2010
239,Leaving (IFC),IFC,176000.0,893000.0,2010
240,Khatta Meetha (Eros),Eros,542000.0,499000.0,2010
241,We Are Family (UTV),UTV,638000.0,393000.0,2010
242,Leaves of Grass (First),First,70100.0,949000.0,2010
243,North Face (MBox),MBox,711000.0,216000.0,2010
244,Creation (NM),NM,341000.0,555000.0,2010
245,No One Knows About Persian Cats (IFC),IFC,81800.0,798000.0,2010
246,Carlos (IFC),IFC,146000.0,726000.0,2010
247,Hideaway (Le Refuge) (Strand),Strand,34500.0,837000.0,2010
248,The Disappearance of Alice Creed (Anch.),Anch.,167000.0,701000.0,2010
249,Break Ke Baad (Relbig.),Relbig.,428000.0,389000.0,2010
250,Veer (2010) (Eros),Eros,527000.0,277000.0,2010
251,Life During Wartime (IFC),IFC,281000.0,487000.0,2010
252,Enter the Void (IFC),IFC,336000.0,418000.0,2010
253,The Secret of Kells (GK),GK,677000.0,62700.0,2010
254,The Polar Express (IMAX re-issue 2010) (WB),WB,673000.0,19400000.0,2010
255,No Problem (Eros),Eros,285000.0,369000.0,2010
256,All Good Things (Magn.),Magn.,582000.0,62500.0,2010
257,Jack Goes Boating (Over.),Over.,542000.0,77600.0,2010
258,Holy Rollers (FInd.),FInd.,303000.0,305000.0,2010
259,Chain Letter (NFC),NFC,139000.0,447000.0,2010
260,I Spit on Your Grave (Anch.),Anch.,93100.0,480000.0,2010
261,I'm Still Here (Magn.),Magn.,409000.0,160000.0,2010
262,Salt of this Sea (Lorb.),Lorb.,11700.0,545000.0,2010
263,Undertow (2010) (TFC),TFC,109000.0,393000.0,2010
264,Father of My Children (IFC),IFC,144000.0,335000.0,2010
265,The Greatest (2010) (Pala.),Pala.,115000.0,359000.0,2010
266,The Extra Man (Magn.),Magn.,453000.0,4500.0,2010
267,Tiny Furniture (IFC),IFC,392000.0,19400000.0,2010
268,Dogtooth (Kino),Kino,110000.0,274000.0,2010
269,Grease (Sing-a-Long re-issue) (Par.),Par.,366000.0,19400000.0,2010
270,The Tempest (Mira.),Mira.,278000.0,68700.0,2010
271,The Good Heart (Magn.),Magn.,20900.0,323000.0,2010
272,Formosa Betrayed (Scre.),Scre.,225000.0,101000.0,2010
273,Red Hill (Strand),Strand,21100.0,300000.0,2010
274,Welcome to the Rileys (Gold.),Gold.,159000.0,158000.0,2010
275,"A Woman, A Gun and A Noodle Shop (SPC)",SPC,191000.0,121000.0,2010
276,The Girl on the Train (Strand),Strand,208000.0,97100.0,2010
277,Mesrine: Public Enemy No. 1 (MBox),MBox,275000.0,28100.0,2010
278,44 Inch Chest (Imag.),Imag.,39000.0,255000.0,2010
279,Karthik Calling Karthik (Eros),Eros,286000.0,7100.0,2010
280,Last Train Home (Zeit.),Zeit.,288000.0,19400000.0,2010
281,Eyes Wide Open (NAV),NAV,26300.0,250000.0,2010
282,Waste Land (Arth.),Arth.,188000.0,88700.0,2010
283,South of the Border (CLS),CLS,199000.0,70800.0,2010
284,Human Centipede (IFC),IFC,181000.0,70700.0,2010
285,"Lovely, Still (Mont.)",Mont.,128000.0,106000.0,2010
286,The Girl (Flickan) (Olive),Olive,2200.0,229000.0,2010
287,Sweetgrass (CGld),CGld,207000.0,19400000.0,2010
288,Bitch Slap (Free),Free,17400.0,182000.0,2010
289,Chance Pe Dance (UTV),UTV,169000.0,24300.0,2010
290,Client 9: The Rise and Fall of Eliot Spitzer (Magn.),Magn.,189000.0,3500.0,2010
291,Casino Jack and the United States of Money (Magn.),Magn.,177000.0,19400000.0,2010
292,Perrier's Bounty (IFC),IFC,800.0,167000.0,2010
293,Around a Small Mountain (CGld),CGld,33200.0,131000.0,2010
294,Spring Fever (Strand),Strand,10800.0,150000.0,2010
295,The Eclipse (Magn.),Magn.,133000.0,26400.0,2010
296,George A. Romero's Survival of the Dead (Magn.),Magn.,102000.0,41500.0,2010
297,The Romantics (FOAK),FOAK,107000.0,17300.0,2010
299,Freakonomics (Magn.),Magn.,101000.0,16400.0,2010
300,Saint John of Las Vegas (IVP),IVP,103000.0,9100.0,2010
301,Band Baaja Baaraat (Yash),Yash,43800.0,60700.0,2010
303,Kisses (Osci.),Osci.,81700.0,15300.0,2010
304,Waking Sleeping Beauty (BV),BV,80700.0,4200.0,2010
305,Enemies of the People (ICir),ICir,73200.0,6400.0,2010
307,Hadewijch (IFC),IFC,5000.0,57500.0,2010
308,Alamar (FM),FM,61600.0,19400000.0,2010
309,As Good as Dead (First),First,2000.0,53600.0,2010
310,Inhale (IFC),IFC,4100.0,51000.0,2010
311,Hatchet 2 (Vita.),Vita.,52600.0,19400000.0,2010
312,District B13: Ultimatum (Magn.),Magn.,36100.0,16200.0,2010
313,GasLand (WOW),WOW,30800.0,18600.0,2010
314,Boogie Woogie (IFC),IFC,2600.0,44900.0,2010
315,Come Undone (2010) (FM),FM,10000.0,31300.0,2010
316,The Red Baron (Mont.),Mont.,37200.0,3100.0,2010
317,Bluebeard (Strand),Strand,33500.0,5200.0,2010
318,Daddy Longlegs (IFC),IFC,21800.0,11500.0,2010
319,Living in Emergency (Truly),Truly,32200.0,19400000.0,2010
320,Nenette (Kino),Kino,18000.0,5400.0,2010
321,Picture Me (Strand),Strand,12000.0,10400.0,2010
322,The Thorn in the Heart (Osci.),Osci.,7400.0,10500.0,2010
323,The Taqwacores (Strand),Strand,11400.0,19400000.0,2010
324,Cherry (Abr.),Abr.,11400.0,19400000.0,2010
325,Terkel in Trouble (Indic.),Indic.,10800.0,19400000.0,2010
326,Kimjongilia (Lorb.),Lorb.,4400.0,19400000.0,2010
328,Harry Potter and the Deathly Hallows Part 2 (WB),WB,381000000.0,960500000.0,2011
329,Transformers: Dark of the Moon (P/DW),P/DW,352400000.0,771400000.0,2011
330,Pirates of the Caribbean: On Stranger Tides (BV),BV,241100000.0,804600000.0,2011
331,The Twilight Saga: Breaking Dawn Part 1 (Sum.),Sum.,281300000.0,430900000.0,2011
332,Mission: Impossible - Ghost Protocol (Par.),Par.,209400000.0,485300000.0,2011
333,Kung Fu Panda 2 (P/DW),P/DW,165200000.0,500400000.0,2011
334,Fast Five (Uni.),Uni.,209800000.0,416300000.0,2011
335,The Hangover Part II (WB),WB,254500000.0,332300000.0,2011
336,The Smurfs (Sony),Sony,142600000.0,421100000.0,2011
337,Cars 2 (BV),BV,191500000.0,370700000.0,2011
338,Puss in Boots (P/DW),P/DW,149300000.0,405700000.0,2011
339,Sherlock Holmes: A Game of Shadows (WB),WB,186800000.0,358600000.0,2011
340,Rio (Fox),Fox,143600000.0,341000000.0,2011
341,Rise of the Planet of the Apes (Fox),Fox,176800000.0,305000000.0,2011
342,Thor (Par.),Par.,181000000.0,268300000.0,2011
343,The Adventures of Tintin (Par.),Par.,77600000.0,296400000.0,2011
344,Captain America: The First Avenger (Par.),Par.,176700000.0,193900000.0,2011
345,X-Men: First Class (Fox),Fox,146400000.0,207200000.0,2011
346,Alvin and the Chipmunks: Chipwrecked (Fox),Fox,133100000.0,209600000.0,2011
347,Real Steel (BV),BV,85500000.0,213800000.0,2011
348,Bridesmaids (Uni.),Uni.,169100000.0,119300000.0,2011
349,Super 8 (Par.),Par.,127000000.0,133100000.0,2011
350,Rango (Par.),Par.,123500000.0,122200000.0,2011
351,The Girl with the Dragon Tattoo (2011) (Sony),Sony,102500000.0,130100000.0,2011
352,The Green Hornet (Sony),Sony,98800000.0,129000000.0,2011
353,Immortals (Rela.),Rela.,83500000.0,143400000.0,2011
354,Green Lantern (WB),WB,116600000.0,103300000.0,2011
355,The Help (BV),BV,169700000.0,46900000.0,2011
356,Bad Teacher (Sony),Sony,100300000.0,115900000.0,2011
357,Just Go With It (Sony),Sony,103000000.0,111900000.0,2011
358,Battle: Los Angeles (Sony),Sony,83600000.0,128300000.0,2011
359,Horrible Bosses (WB (NL)),WB (NL),117500000.0,92100000.0,2011
360,Paranormal Activity 3 (Par.),Par.,104000000.0,103000000.0,2011
361,Gnomeo and Juliet (BV),BV,100000000.0,94000000.0,2011
362,Mr. Popper's Penguins (Fox),Fox,68200000.0,119100000.0,2011
363,Hugo (Par.),Par.,73900000.0,111900000.0,2011
364,The Lion King (in 3D) (BV),BV,94200000.0,91300000.0,2011
365,Hop (Uni.),Uni.,108100000.0,75900000.0,2011
366,War Horse (BV),BV,79900000.0,97700000.0,2011
367,The Descendants (FoxS),FoxS,82600000.0,94700000.0,2011
368,Cowboys & Aliens (Uni.),Uni.,100200000.0,74600000.0,2011
369,In Time (Fox),Fox,37500000.0,136400000.0,2011
370,Zookeeper (Sony),Sony,80400000.0,89500000.0,2011
371,The Muppets (BV),BV,88600000.0,76600000.0,2011
372,Limitless (Rela.),Rela.,79200000.0,82600000.0,2011
373,Johnny English Reborn (Uni.),Uni.,8300000.0,151800000.0,2011
374,Final Destination 5 (WB (NL)),WB (NL),42600000.0,115300000.0,2011
375,Tower Heist (Uni.),Uni.,78000000.0,74900000.0,2011
376,Midnight in Paris (SPC),SPC,56800000.0,94300000.0,2011
377,Happy Feet Two (WB),WB,64000000.0,86400000.0,2011
378,I Am Number Four (BV),BV,55100000.0,94800000.0,2011
379,Jack and Jill (Sony),Sony,74200000.0,75500000.0,2011
380,Friends with Benefits (SGem),SGem,55800000.0,93700000.0,2011
381,No Strings Attached (Par.),Par.,70700000.0,78600000.0,2011
382,Arthur Christmas (Sony),Sony,46500000.0,101000000.0,2011
383,Source Code (Sum.),Sum.,54700000.0,92600000.0,2011
384,"Crazy, Stupid, Love. (WB)",WB,84400000.0,58500000.0,2011
385,New Year's Eve (WB (NL)),WB (NL),54500000.0,87500000.0,2011
386,Contagion (WB),WB,75700000.0,59800000.0,2011
387,The Artist (Wein.),Wein.,44700000.0,88800000.0,2011
388,The Three Musketeers (2011) (Sum.),Sum.,20400000.0,111900000.0,2011
389,Unknown (WB),WB,63700000.0,67099999.0,2011
390,The Adjustment Bureau (Uni.),Uni.,62500000.0,65400000.0,2011
391,We Bought a Zoo (Fox),Fox,75600000.0,44500000.0,2011
392,Water for Elephants (Fox),Fox,58700000.0,58400000.0,2011
393,The Iron Lady (Wein.),Wein.,30000000.0,84900000.0,2011
394,Moneyball (Sony),Sony,75600000.0,34600000.0,2011
395,Sanctum (Uni.),Uni.,23200000.0,85400000.0,2011
396,Justin Bieber: Never Say Never (Par.),Par.,73000000.0,26000000.0,2011
397,Paul (Uni.),Uni.,37400000.0,60600000.0,2011
398,Scream 4 (W/Dim.),W/Dim.,38200000.0,59000000.0,2011
399,Insidious (FD),FD,54000000.0,43000000.0,2011
400,The Rite (WB (NL)),WB (NL),33000000.0,63000000.0,2011
401,Dolphin Tale (WB),WB,72300000.0,23100000.0,2011
402,Season of the Witch (Rela.),Rela.,24800000.0,66800000.0,2011
403,Sucker Punch (WB),WB,36400000.0,53400000.0,2011
404,Red Riding Hood (WB),WB,37700000.0,51500000.0,2011
405,Spy Kids: All the Time in the World (W/Dim.),W/Dim.,38500000.0,47000000.0,2011
406,J. Edgar (WB),WB,37300000.0,47600000.0,2011
407,Hall Pass (WB (NL)),WB (NL),45100000.0,38100000.0,2011
408,"Big Mommas: Like Father, Like Son (Fox)",Fox,37900000.0,44800000.0,2011
409,Abduction (LGF),LGF,28100000.0,54000000.0,2011
410,"Tinker, Tailor, Soldier, Spy (Focus)",Focus,24100000.0,56500000.0,2011
411,Priest (SGem),SGem,29100000.0,49200000.0,2011
412,Drive (2011) (FD),FD,35100000.0,41100000.0,2011
413,The Mechanic (CBS),CBS,29100000.0,47000000.0,2011
414,The Ides of March (Sony),Sony,41000000.0,35000000.0,2011
415,The Change-Up (Uni.),Uni.,37100000.0,38400000.0,2011
416,The Lincoln Lawyer (LGF),LGF,58000000.0,17000000.0,2011
417,Diary of a Wimpy Kid: Rodrick Rules (Fox),Fox,52700000.0,19700000.0,2011
418,Larry Crowne (Uni.),Uni.,35600000.0,36400000.0,2011
419,The Dilemma (Uni.),Uni.,48500000.0,21200000.0,2011
420,The Darkest Hour (Sum.),Sum.,21400000.0,43200000.0,2011
421,Hanna (Focus),Focus,40300000.0,23500000.0,2011
422,Footloose (2011) (Par.),Par.,51800000.0,11700000.0,2011
423,Elite Squad: The Enemy Within (Vari.),Vari.,100000.0,62900000.0,2011
424,Colombiana (TriS),TriS,36700000.0,24300000.0,2011
425,Something Borrowed (WB),WB,39000000.0,21100000.0,2011
426,One Day (Focus),Focus,13800000.0,45500000.0,2011
427,Beginning of the Great Revival (CL),CL,151000.0,58200000.0,2011
428,Killer Elite (ORF),ORF,25100000.0,31300000.0,2011
429,Extremely Loud & Incredibly Close (WB),WB,31800000.0,23400000.0,2011
430,The Tree of Life (FoxS),FoxS,13300000.0,41000000.0,2011
431,Tyler Perry's Madea's Big Happy Family (LGF),LGF,53300000.0,816000.0,2011
432,Detective Dee and the Mystery of the Phantom Flame (IM),IM,460000.0,51300000.0,2011
433,Winnie the Pooh (BV),BV,26700000.0,23200000.0,2011
434,Conan the Barbarian (2011) (LGF),LGF,21300000.0,27500000.0,2011
435,Soul Surfer (TriS),TriS,43900000.0,3200000.0,2011
436,War of the Arrows (CJ),CJ,251000.0,45800000.0,2011
437,Arthur (2011) (WB),WB,33000000.0,12700000.0,2011
438,The Debt (Focus),Focus,31200000.0,14500000.0,2011
439,Beastly (CBS),CBS,27900000.0,15300000.0,2011
440,Of Gods and Men (SPC),SPC,4000000.0,38200000.0,2011
441,Born to Be Wild (IMAX) (WB),WB,25900000.0,15600000.0,2011
442,Evangelion 2.0: You Can (Not) Advance (Elev.),Elev.,134000.0,41000000.0,2011
443,Fright Night (2011) (BV),BV,18300000.0,22700000.0,2011
444,30 Minutes or Less (Sony),Sony,37100000.0,3500000.0,2011
445,The Roommate (SGem),SGem,37300000.0,3200000.0,2011
446,Shark Night 3D (Rela.),Rela.,18900000.0,21300000.0,2011
447,Monte Carlo (Fox),Fox,23200000.0,16500000.0,2011
448,50/50 (Sum.),Sum.,35000000.0,4200000.0,2011
449,Mars Needs Moms (BV),BV,21400000.0,17600000.0,2011
450,Dream House (Uni.),Uni.,21300000.0,17200000.0,2011
451,Jumping the Broom (TriS),TriS,37300000.0,415000.0,2011
452,Don't Be Afraid of the Dark (FD),FD,24000000.0,12900000.0,2011
453,RA One (Eros),Eros,2500000.0,33400000.0,2011
454,A Very Harold & Kumar 3D Christmas (WB),WB,35100000.0,326000.0,2011
455,My Week with Marilyn (Wein.),Wein.,14600000.0,20500000.0,2011
456,The Sitter (Fox),Fox,30400000.0,4500000.0,2011
457,Jane Eyre (Focus),Focus,11200000.0,23500000.0,2011
458,Courageous (TriS),TriS,34500000.0,19400000.0,2011
459,Shaolin (Vari.),Vari.,66100.0,33600000.0,2011
460,African Cats (BV),BV,15400000.0,15400000.0,2011
461,The Skin I Live In (SPC),SPC,3200000.0,27700000.0,2011
462,I Don't Know How She Does It (Wein.),Wein.,9700000.0,20900000.0,2011
463,What's Your Number? (Fox),Fox,14000000.0,16399999.0,2011
464,Drive Angry (Sum.),Sum.,10700000.0,18200000.0,2011
465,Carnage (2011) (SPC),SPC,2500000.0,25100000.0,2011
466,A Dangerous Method (SPC),SPC,5700000.0,21800000.0,2011
467,The Thing (2011) (Uni.),Uni.,16900000.0,10500000.0,2011
468,The Eagle (Focus),Focus,19500000.0,7600000.0,2011
469,Legend of the Fist: The Return of Chen Zhen (Vari.),Vari.,50400.0,26500000.0,2011
470,Apollo 18 (W/Dim.),W/Dim.,17700000.0,7900000.0,2011
471,Biutiful (RAtt.),RAtt.,5100000.0,20000000.0,2011
472,Your Highness (Uni.),Uni.,21600000.0,3300000.0,2011
473,Our Idiot Brother (Wein.),Wein.,24800000.0,19400000.0,2011
474,The Rum Diary (FD),FD,13100000.0,10800000.0,2011
475,The Women on the 6th Floor (Strand),Strand,720000.0,22500000.0,2011
476,Potiche (MBox),MBox,1600000.0,21600000.0,2011
477,Warrior (LGF),LGF,13700000.0,9400000.0,2011
478,Young Adult (Par.),Par.,16300000.0,6600000.0,2011
479,Sarah's Key (Wein.),Wein.,7700000.0,13400000.0,2011
480,The Way Back (NM),NM,2700000.0,17600000.0,2011
481,A Separation (SPC),SPC,7100000.0,12800000.0,2011
482,The Guard (SPC),SPC,5400000.0,14200000.0,2011
483,Margin Call (RAtt.),RAtt.,5400000.0,14200000.0,2011
484,Glee The 3D Concert Movie (Fox),Fox,11900000.0,6800000.0,2011
485,Shame (FoxS),FoxS,3900000.0,13800000.0,2011
486,13 Assassins (Magn.),Magn.,803000.0,16800000.0,2011
487,Hoodwinked Too! Hood vs. Evil (Wein.),Wein.,10100000.0,6800000.0,2011
488,The Heir Apparent: Largo Winch (MBox),MBox,10400.0,16900000.0,2011
489,The Last Godfather (RAtt.),RAtt.,164000.0,16600000.0,2011
490,Delhi Belly (UTV),UTV,1500000.0,15200000.0,2011
491,Melancholia (Magn.),Magn.,3000000.0,12900000.0,2011
492,Judy Moody and the NOT Bummer Summer (Rela.),Rela.,15000000.0,678000.0,2011
493,The Conspirator (RAtt.),RAtt.,11500000.0,3900000.0,2011
494,Anonymous (Sony),Sony,4500000.0,10900000.0,2011
495,Ip Man 2: Legend of the Grandmaster (Vari.),Vari.,206000.0,14900000.0,2011
496,The Housemaid (IFC),IFC,158000.0,14600000.0,2011
497,Desert Flower (NGE),NGE,44300.0,14600000.0,2011
498,Pina (IFC),IFC,3500000.0,11100000.0,2011
499,Beginners (Focus),Focus,5800000.0,8500000.0,2011
500,My Afternoons with Margueritte (Cohen),Cohen,667000.0,13600000.0,2011
501,I Saw the Devil (Magn.),Magn.,129000.0,12600000.0,2011
502,The Hedgehog (NeoC),NeoC,708000.0,12000000.0,2011
503,Gainsbourg: A Heroic Life (MBox),MBox,233000.0,12000000.0,2011
504,The Warring States (CL),CL,69000.0,11800000.0,2011
505,What Women Want (Wo Zhi Nu Run Xin) (CL),CL,124000.0,11700000.0,2011
506,Snow Flower and the Secret Fan (FoxS),FoxS,1300000.0,10000000.0,2011
507,Win Win (FoxS),FoxS,10200000.0,652000.0,2011
508,Flying Monsters (NGE),NGE,5700000.0,5100000.0,2011
509,City of Life and Death (Kino),Kino,123000.0,10600000.0,2011
510,Le Havre (Jan.),Jan.,612000.0,9900000.0,2011
511,Straw Dogs (2011) (SGem),SGem,10300000.0,19400000.0,2011
512,Prom (BV),BV,10100000.0,19400000.0,2011
513,In a Better World (SPC),SPC,1000000.0,8600000.0,2011
514,Trespass (2011) (MNE),MNE,24100.0,9600000.0,2011
515,Saving Private Perez (LGF),LGF,1400000.0,7900000.0,2011
516,Point Blank (Magn.),Magn.,708000.0,8500000.0,2011
517,Winter in Wartime (SPC),SPC,543000.0,8700000.0,2011
518,Barney's Version (U.S. only) (SPC),SPC,4400000.0,4000000.0,2011
519,Outrage (2011) (Magn.),Magn.,44700.0,8400000.0,2011
520,Senna (PDA),PDA,1600000.0,6600000.0,2011
521,Last Night (Trib.),Trib.,99000.0,7600000.0,2011
522,The Big Year (Fox),Fox,7200000.0,244000.0,2011
523,The Beaver (Sum.),Sum.,971000.0,6300000.0,2011
524,Take Me Home Tonight (Rela.),Rela.,6900000.0,19400000.0,2011
525,Cedar Rapids (FoxS),FoxS,6900000.0,19400000.0,2011
526,The Princess of Montpensier (IFC),IFC,352000.0,6400000.0,2011
527,Cave of Forgotten Dreams (IFC),IFC,5300000.0,1200000.0,2011
528,Sex and Zen 3D: Extreme Ecstasy (CL),CL,153000.0,6200000.0,2011
529,We Need to Talk About Kevin (Osci.),Osci.,1700000.0,4300000.0,2011
530,Attack the Block (SGem),SGem,1000000.0,4800000.0,2011
531,Even the Rain (Vita.),Vita.,518000.0,5300000.0,2011
532,Young Goethe in Love (MBox),MBox,162000.0,5600000.0,2011
533,11-11-11 (Rocket),Rocket,32800.0,5700000.0,2011
534,Certified Copy (IFC),IFC,1400000.0,4099999.0,2011
535,Thank You (2011) (UTV),UTV,464000.0,5000000.0,2011
536,The Company Men (Wein.),Wein.,4400000.0,441000.0,2011
538,Tucker & Dale Vs. Evil (Magn.),Magn.,224000.0,4500000.0,2011
539,London Boulevard (IFC),IFC,16100.0,4600000.0,2011
540,Dylan Dog: Dead of Night (OMNI/FSR),OMNI/FSR,1200000.0,3400000.0,2011
541,The Names of Love (MBox),MBox,514000.0,4099999.0,2011
542,The Way (PDA),PDA,4400000.0,19400000.0,2011
543,Burke and Hare (IFC),IFC,4800.0,4300000.0,2011
544,King of Devil's Island (FM),FM,7600.0,4200000.0,2011
545,Bride Flight (MBox),MBox,501000.0,3700000.0,2011
546,Trollhunter (Magn.),Magn.,253000.0,3900000.0,2011
547,Buck (IFC),IFC,4000000.0,19400000.0,2011
548,Carancho (Strand),Strand,85500.0,3900000.0,2011
549,Like Crazy (ParV),ParV,3400000.0,336000.0,2011
550,The Double (Imag.),Imag.,138000.0,3600000.0,2011
551,Don 2 (Relbig.),Relbig.,3700000.0,19400000.0,2011
552,Love Crime (IFC),IFC,540000.0,3100000.0,2011
553,Incendies (U.S. only) (SPC),SPC,2100000.0,1500000.0,2011
554,Martha Marcy May Marlene (FoxS),FoxS,3000000.0,548000.0,2011
556,The King's Speech (PG-13) (Wein.),Wein.,3300000.0,19400000.0,2011
557,Machine Gun Preacher (Rela.),Rela.,539000.0,2800000.0,2011
558,The Last Circus (Magn.),Magn.,40500.0,3200000.0,2011
559,From Prada to Nada (LGF),LGF,3000000.0,123000.0,2011
560,Flypaper (IFC),IFC,5000.0,3100000.0,2011
561,Zindagi Na Milegi Dobara (Eros),Eros,3100000.0,19400000.0,2011
562,Take Shelter (SPC),SPC,1700000.0,1400000.0,2011
563,The Greatest Miracle (KKM),KKM,555000.0,2500000.0,2011
564,Rapt (Lorb.),Lorb.,45800.0,2900000.0,2011
565,Pastorela (LGF),LGF,161000.0,2700000.0,2011
566,The Double Hour (Gold.),Gold.,1500000.0,1200000.0,2011
567,Everything Must Go (RAtt.),RAtt.,2700000.0,19400000.0,2011
568,3 (2011) (Strand),Strand,60000.0,2600000.0,2011
569,Oranges and Sunshine (Cohen),Cohen,143000.0,2400000.0,2011
570,Ong Bak 3 (Magn.),Magn.,14900.0,2300000.0,2011
571,Poetry (Kino),Kino,356000.0,1900000.0,2011
572,The Tree (Zeit.),Zeit.,71200.0,2100000.0,2011
573,"The Butcher, the Chef and the Swordsman (CL)",CL,47900.0,2000000.0,2011
574,The Trip (2011) (IFC),IFC,2000000.0,19400000.0,2011
575,Armadillo (Lorb.),Lorb.,14600.0,2000000.0,2011
576,Bodyguard (Relbig.),Relbig.,1800000.0,19400000.0,2011
577,Brighton Rock (IFC),IFC,230000.0,1600000.0,2011
578,A Somewhat Gentle Man (Strand),Strand,37700.0,1800000.0,2011
579,The Topp Twins: Untouchable Girls (Argo.),Argo.,29300.0,1800000.0,2011
580,Another Earth (FoxS),FoxS,1300000.0,456000.0,2011
581,A Better Life (Sum.),Sum.,1800000.0,19400000.0,2011
582,Chalet Girl (IFC),IFC,1700.0,1700000.0,2011
583,Yamla Pagla Deewana (Eros),Eros,993000.0,600000.0,2011
584,Bill Cunningham New York (Zeit.),Zeit.,1500000.0,19400000.0,2011
585,The Art of Getting By (FoxS),FoxS,1400000.0,19400000.0,2011
586,The Devil's Double (LGF),LGF,1400000.0,19400000.0,2011
587,Uncle Boonmee Who Can Recall His Past Lives (Strand),Strand,184000.0,946000.0,2011
588,The Whistleblower (Gold.),Gold.,1100000.0,19400000.0,2011
589,Red State (SMod),SMod,1100000.0,19400000.0,2011
590,London River (Libre),Libre,7200.0,1100000.0,2011
591,Desi Boyz (Eros),Eros,1100000.0,19400000.0,2011
592,When We Leave (Die Fremde) (Olive),Olive,19600.0,1100000.0,2011
593,There Be Dragons (Gold.),Gold.,1100000.0,19400000.0,2011
594,Vanishing on 7th Street (Magn.),Magn.,22700.0,1000000.0,2011
595,Page One: A Year Inside the New York Times (Magn.),Magn.,1100000.0,19400000.0,2011
596,The Time That Remains (IFC),IFC,32900.0,1000000.0,2011
597,Rockstar (2011) (Eros),Eros,987000.0,19400000.0,2011
598,Meek's Cutoff (Osci.),Osci.,978000.0,19400000.0,2011
599,Texas Killing Fields (Anch.),Anch.,45500.0,912000.0,2011
600,Ready (Eros),Eros,955000.0,19400000.0,2011
601,Miral (Wein.),Wein.,373000.0,527000.0,2011
602,Submarine (Wein.),Wein.,468000.0,397000.0,2011
603,Higher Ground (SPC),SPC,842000.0,19400000.0,2011
604,Mozart's Sister (MBox),MBox,708000.0,132000.0,2011
605,Plastic Planet (FRun),FRun,3200.0,836000.0,2011
606,Chillar Party (UTV),UTV,6300.0,826000.0,2011
607,Mausam (Eros),Eros,728000.0,19400000.0,2011
608,The First Grader (NGE),NGE,332000.0,382000.0,2011
609,Hobo With a Shotgun (Magn.),Magn.,703000.0,19400000.0,2011
610,Tabloid (IFC),IFC,697000.0,19400000.0,2011
611,Dhobi Ghat (Mumbai Diaries) (UTV),UTV,577000.0,102000.0,2011
612,Aarakshan (Reservation) (Relbig.),Relbig.,651000.0,19400000.0,2011
613,POM Wonderful Presents: The Greatest Movie Ever Sold (SPC),SPC,638000.0,19400000.0,2011
614,No One Killed Jessica (UTV),UTV,441000.0,193000.0,2011
615,Korkoro (Lorb.),Lorb.,8200.0,619000.0,2011
616,Blackthorn (Magn.),Magn.,201000.0,423000.0,2011
617,How I Ended This Summer (FM),FM,8700.0,614000.0,2011
618,The Ledge (IFC),IFC,9200.0,602000.0,2011
619,Heartbeats (IFC),IFC,68700.0,520000.0,2011
620,The Future (RAtt.),RAtt.,569000.0,19400000.0,2011
621,Dum Maaro Dum (FoxS),FoxS,564000.0,19400000.0,2011
622,Double Dhamaal (Relbig.),Relbig.,544000.0,19400000.0,2011
623,Kaboom (IFC),IFC,119000.0,421000.0,2011
624,Mere Brother Ki Dulhan (Yash),Yash,496000.0,19400000.0,2011
625,Weekend (2011) (IFC),IFC,485000.0,19400000.0,2011
626,Protektor (FM),FM,3000.0,469000.0,2011
627,Circumstance (RAtt.),RAtt.,454000.0,19400000.0,2011
628,The Other Woman (IFC),IFC,25400.0,427000.0,2011
629,Project Nim (RAtt.),RAtt.,411000.0,19400000.0,2011
630,Rage (Rabia) (Strand),Strand,5600.0,403000.0,2011
631,The Human Resources Manager (FM),FM,64000.0,329000.0,2011
632,Hesher (WHE),WHE,383000.0,19400000.0,2011
633,7 Khoon Maaf (UTV),UTV,270000.0,94700.0,2011
634,Another Happy Day (P4),P4,8500.0,347000.0,2011
635,Singham (Relbig.),Relbig.,351000.0,19400000.0,2011
636,The Mill and the Cross (KC),KC,312000.0,30300.0,2011
637,Super (IFC),IFC,328000.0,19400000.0,2011
638,L'Amour Fou (IFC),IFC,312000.0,19400000.0,2011
639,Being Elmo: A Puppeteer's Journey (SD),SD,304000.0,19400000.0,2011
640,In the Land of Blood and Honey (FD),FD,304000.0,19400000.0,2011
641,Special Treatment (FRun),FRun,8900.0,286000.0,2011
642,Illegal (2011) (FM),FM,700.0,289000.0,2011
643,The Interrupters (CGld),CGld,282000.0,19400000.0,2011
644,Rascals (Eros),Eros,274000.0,19400000.0,2011
645,The Black Power Mix Tape: 1967-1975 (IFC),IFC,274000.0,19400000.0,2011
646,Black Death (Magn.),Magn.,22600.0,243000.0,2011
647,Le Quattro Volte (Lorb.),Lorb.,153000.0,103000.0,2011
648,Life in a Day (NGE),NGE,253000.0,19400000.0,2011
649,Caterpillar (Lorb.),Lorb.,4200.0,248000.0,2011
650,Little Girl (La Pivellina) (FRun),FRun,1400.0,236000.0,2011
651,El Bulli: Cooking in Progress (AM),AM,237000.0,19400000.0,2011
652,"If I Want to Whistle, I Whistle (FM)",FM,12100.0,220000.0,2011
653,Into the Abyss (IFC),IFC,224000.0,19400000.0,2011
654,HappyThankYouMorePlease (Anch.),Anch.,216000.0,19400000.0,2011
655,The Robber (Kino),Kino,83500.0,125000.0,2011
656,Henry's Crime (MPFT),MPFT,103000.0,102000.0,2011
657,A Good Old Fashioned Orgy (Gold.),Gold.,200000.0,19400000.0,2011
658,Film Socialisme (Lorb.),Lorb.,33000.0,159000.0,2011
659,Bol (Eros),Eros,189000.0,19400000.0,2011
660,Leap Year (2011) (Strand),Strand,13000.0,175000.0,2011
661,A Screaming Man (FM),FM,9900.0,175000.0,2011
662,Jig (Scre.),Scre.,184000.0,19400000.0,2011
663,Nostalgia for the Light (Icar.),Icar.,164000.0,13700.0,2011
664,Anchor Baby (AGF),AGF,15800.0,161000.0,2011
665,Bellflower (Osci.),Osci.,168000.0,19400000.0,2011
666,Restless (2011) (SPC),SPC,163000.0,19400000.0,2011
667,Road to Nowhere (Mont.),Mont.,40300.0,121000.0,2011
668,Magic Trip (Magn.),Magn.,155000.0,19400000.0,2011
669,Eames: The Architect and the Painter (FRun),FRun,153000.0,19400000.0,2011
670,Revenge of the Electric Car (A23),A23,151000.0,19400000.0,2011
671,The Human Centipede 2: Full Sequence (IFC),IFC,142000.0,19400000.0,2011
672,Cold Weather (IFC),IFC,141000.0,19400000.0,2011
673,Game (2011) (Eros),Eros,140000.0,19400000.0,2011
674,1911 (Vari.),Vari.,136000.0,19400000.0,2011
675,"Life, Above All (SPC)",SPC,134000.0,19400000.0,2011
676,Tomboy (2011) (Da.),Da.,130000.0,19400000.0,2011
677,Octubre (NYer),NYer,32100.0,96700.0,2011
678,The Arbor (Strand),Strand,21600.0,105000.0,2011
679,Mysteries of Lisbon (MBox),MBox,111000.0,14900.0,2011
680,Vidal Sassoon: The Movie (P4),P4,86000.0,38600.0,2011
681,Trust (2011) (MNE),MNE,120000.0,19400000.0,2011
682,Steve Jobs: The Lost Interview (Magn.),Magn.,106000.0,19400000.0,2011
683,Rubber (Magn.),Magn.,100000.0,19400000.0,2011
684,The Man Who Fell to Earth (35th anniversary re-issue) (Rialto),Rialto,100000.0,19400000.0,2011
685,Chalo Dilli (Eros),Eros,94300.0,19400000.0,2011
686,The Whale (Pala.),Pala.,81900.0,19400000.0,2011
687,Beautiful Boy (Anch.),Anch.,77200.0,19400000.0,2011
688,Puncture (MNE),MNE,68900.0,19400000.0,2011
689,A Beautiful Life (CL),CL,66200.0,19400000.0,2011
690,"Tuesday, After Christmas (Lorb.)",Lorb.,27800.0,36200.0,2011
691,Viva Riva! (MBox),MBox,61800.0,19400000.0,2011
692,Murder 2 (Eros),Eros,59500.0,19400000.0,2011
693,Dirty Girl (Wein.),Wein.,55100.0,19400000.0,2011
694,Battleship Potemkin (2011 re-issue) (Kino),Kino,51200.0,19400000.0,2011
695,Love U Mr. Kalakaar (Eros),Eros,48600.0,19400000.0,2011
696,Margaret (FoxS),FoxS,46500.0,19400000.0,2011
697,"Happy, Happy (Magn.)",Magn.,45200.0,19400000.0,2011
698,The Myth of the American Sleepover (IFC),IFC,41000.0,19400000.0,2011
699,Hell and Back Again (DF),DF,40600.0,19400000.0,2011
700,Khodorkovsky (KL),KL,39500.0,19400000.0,2011
701,Sleeping Beauty (2011) (II) (IFC),IFC,36600.0,19400000.0,2011
702,My Kingdom (2011) (CL),CL,36500.0,19400000.0,2011
703,Love in Space (CL),CL,34800.0,19400000.0,2011
704,Stake Land (IFC),IFC,33200.0,19400000.0,2011
705,Brotherhood (2011) (P4),P4,19700.0,12700.0,2011
706,The Son of No One (Anch.),Anch.,30700.0,19400000.0,2011
707,Muran (UTV),UTV,30100.0,19400000.0,2011
708,The Sleeping Beauty (Strand),Strand,29100.0,19400000.0,2011
709,Tyrannosaur (Strand),Strand,22300.0,19400000.0,2011
710,Ceremony (Magn.),Magn.,22300.0,19400000.0,2011
711,I'm Glad My Mother is Alive (Strand),Strand,8700.0,13200.0,2011
712,Always Kabhi Kabhi (Eros),Eros,21400.0,19400000.0,2011
714,5 Days of War (Anch.),Anch.,17500.0,19400000.0,2011
715,Aurora (CGld),CGld,5700.0,5100.0,2011
716,Magic to Win (CL),CL,10700.0,19400000.0,2011
717,Wrecked (IFC),IFC,8000.0,19400000.0,2011
718,My Piece of the Pie (IFC),IFC,6900.0,19400000.0,2011
719,I Melt With You (Magn.),Magn.,6400.0,19400000.0,2011
720,My Joy (KL),KL,6300.0,19400000.0,2011
721,To Die Like a Man (Strand),Strand,4000.0,900.0,2011
722,Blood Ties (ALP),ALP,2800.0,19400000.0,2011
723,Knuckle (Vita.),Vita.,2600.0,19400000.0,2011
724,Main Street (Magn.),Magn.,2600.0,19400000.0,2011
725,"Love, Wedding, Marriage (IFC)",IFC,1900.0,19400000.0,2011
726,An Invisible Sign (IFC),IFC,1300.0,19400000.0,2011
727,Marvel's The Avengers (BV),BV,623400000.0,895500000.0,2012
728,Skyfall (Sony),Sony,304400000.0,804200000.0,2012
729,The Dark Knight Rises (WB),WB,448100000.0,636800000.0,2012
730,The Hobbit: An Unexpected Journey (WB (NL)),WB (NL),303000000.0,718100000.0,2012
731,Ice Age: Continental Drift (Fox),Fox,161300000.0,715900000.0,2012
732,The Twilight Saga: Breaking Dawn Part 2 (LG/S),LG/S,292300000.0,537400000.0,2012
733,The Amazing Spider-Man (Sony),Sony,262000000.0,495900000.0,2012
734,Madagascar 3: Europe's Most Wanted (P/DW),P/DW,216400000.0,530500000.0,2012
735,The Hunger Games (LGF),LGF,408000000.0,286400000.0,2012
736,MIB 3 (Sony),Sony,179000000.0,445000000.0,2012
737,Life of Pi (Fox),Fox,125000000.0,484000000.0,2012
738,Ted (Uni.),Uni.,218800000.0,330600000.0,2012
739,Brave (BV),BV,237300000.0,303200000.0,2012
740,Wreck-It Ralph (BV),BV,189400000.0,281800000.0,2012
741,Les Miserables (2012) (Uni.),Uni.,148800000.0,293000000.0,2012
742,The Intouchables (U.S.-only) (Wein.),Wein.,10200000.0,416400000.0,2012
743,Django Unchained (Wein.),Wein.,162800000.0,262600000.0,2012
744,Prometheus (Fox),Fox,126500000.0,276900000.0,2012
745,Snow White and the Huntsman (Uni.),Uni.,155300000.0,241300000.0,2012
746,Taken 2 (Fox),Fox,139900000.0,236300000.0,2012
747,Hotel Transylvania (Sony),Sony,148300000.0,210100000.0,2012
748,Dr. Seuss' The Lorax (Uni.),Uni.,214000000.0,134800000.0,2012
749,Titanic 3D (Par.),Par.,57900000.0,285700000.0,2012
750,Journey 2: The Mysterious Island (WB (NL)),WB (NL),103900000.0,231400000.0,2012
751,The Expendables 2 (LGF),LGF,85000000.0,229900000.0,2012
752,Rise of the Guardians (P/DW),P/DW,103400000.0,203500000.0,2012
753,Wrath of the Titans (WB),WB,83700000.0,221600000.0,2012
754,Battleship (Uni.),Uni.,65400000.0,237600000.0,2012
755,John Carter (BV),BV,73100000.0,211100000.0,2012
756,The Bourne Legacy (Uni.),Uni.,113200000.0,162900000.0,2012
757,Lincoln (BV),BV,182200000.0,93100000.0,2012
758,Dark Shadows (WB),WB,79700000.0,165800000.0,2012
759,Resident Evil: Retribution (SGem),SGem,42300000.0,197700000.0,2012
760,Silver Linings Playbook (Wein.),Wein.,132100000.0,104300000.0,2012
761,American Reunion (Uni.),Uni.,57000000.0,178000000.0,2012
762,Argo (WB),WB,136000000.0,96300000.0,2012
763,Jack Reacher (Par.),Par.,80100000.0,138300000.0,2012
764,Safe House (Uni.),Uni.,126400000.0,81700000.0,2012
765,21 Jump Street (Sony),Sony,138400000.0,63100000.0,2012
766,Total Recall (2012) (Sony),Sony,58900000.0,139600000.0,2012
767,The Vow (SGem),SGem,125000000.0,71100000.0,2012
768,Mirror Mirror (Rela.),Rela.,64900000.0,118100000.0,2012
769,The Impossible (LG/S),LG/S,19000000.0,161300000.0,2012
770,The Dictator (Par.),Par.,59700000.0,119700000.0,2012
771,Looper (TriS),TriS,66500000.0,110000000.0,2012
772,Magic Mike (WB),WB,113700000.0,53500000.0,2012
773,Flight (Par.),Par.,93800000.0,68000000.0,2012
774,Underworld Awakening (SGem),SGem,62300000.0,97800000.0,2012
775,This Means War (Fox),Fox,54800000.0,101700000.0,2012
776,The Secret World of Arrietty (BV),BV,19200000.0,126400000.0,2012
777,Paranormal Activity 4 (Par.),Par.,53900000.0,88900000.0,2012
778,Step Up Revolution (LG/S),LG/S,35100000.0,105400000.0,2012
779,The Best Exotic Marigold Hotel (FoxS),FoxS,46400000.0,90400000.0,2012
780,Zero Dark Thirty (Sony),Sony,95700000.0,37100000.0,2012
781,Ghost Rider: Spirit of Vengeance (Sony),Sony,51800000.0,80800000.0,2012
782,Cloud Atlas (WB),WB,27100000.0,103400000.0,2012
783,The Woman in Black (CBS),CBS,54300000.0,73400000.0,2012
784,Chronicle (2012) (Fox),Fox,64599999.0,62100000.0,2012
785,The Pirates! Band of Misfits (Sony),Sony,31100000.0,92000000.0,2012
786,Parental Guidance (Fox),Fox,77300000.0,42500000.0,2012
787,Abraham Lincoln: Vampire Hunter (Fox),Fox,37500000.0,79000000.0,2012
788,Pitch Perfect (Uni.),Uni.,65000000.0,50300000.0,2012
789,Hope Springs (Sony),Sony,63500000.0,50700000.0,2012
790,ParaNorman (Focus),Focus,56000000.0,51100000.0,2012
791,The Campaign (WB),WB,86900000.0,18000000.0,2012
792,Let the Bullets Fly (Vari.),Vari.,63000.0,104300000.0,2012
793,Star Wars: Episode I - The Phantom Menace (in 3D) (Fox),Fox,43500000.0,59300000.0,2012
794,Project X (WB),WB,54700000.0,48000000.0,2012
795,The Devil Inside (Par.),Par.,53300000.0,48500000.0,2012
796,The Lucky One (WB),WB,60500000.0,38900000.0,2012
797,Contraband (Uni.),Uni.,66500000.0,29700000.0,2012
798,Think Like a Man (SGem),SGem,91500000.0,4500000.0,2012
799,This Is 40 (Uni.),Uni.,67500000.0,20500000.0,2012
800,The Inbetweeners Movie (WHE),WHE,36000.0,88000000.0,2012
801,The Possession (LGF),LGF,49100000.0,36300000.0,2012
802,What to Expect When You're Expecting (LGF),LGF,41200000.0,43200000.0,2012
803,The Thieves (WGUSA),WGUSA,686000.0,82800000.0,2012
804,Savages (2012) (Uni.),Uni.,47400000.0,35600000.0,2012
805,Frankenweenie (BV),BV,35300000.0,46200000.0,2012
806,Act of Valor (Rela.),Rela.,70000000.0,11300000.0,2012
807,Masquerade (2012) (CJ),CJ,923000.0,79800000.0,2012
808,Sinister (LG/S),LG/S,48100000.0,29600000.0,2012
809,The Grey (ORF),ORF,51600000.0,25700000.0,2012
810,Diary of a Wimpy Kid: Dog Days (Fox),Fox,49000000.0,28100000.0,2012
811,To Rome with Love (SPC),SPC,16700000.0,56600000.0,2012
812,Here Comes the Boom (Sony),Sony,45300000.0,27800000.0,2012
813,Finding Nemo (3D) (BV),BV,41100000.0,28200000.0,2012
814,Anna Karenina (Focus),Focus,12800000.0,56100000.0,2012
815,The Watch (Fox),Fox,35400000.0,32900000.0,2012
816,Moonrise Kingdom (Focus),Focus,45500000.0,22800000.0,2012
817,Tyler Perry's Madea's Witness Protection (LGF),LGF,65700000.0,1200000.0,2012
818,The Cabin in the Woods (LGF),LGF,42100000.0,24400000.0,2012
819,Beauty and the Beast (3D) (BV),BV,47600000.0,14400000.0,2012
820,Rock of Ages (WB (NL)),WB (NL),38500000.0,20900000.0,2012
821,That's My Boy (Sony),Sony,36900000.0,20800000.0,2012
822,The Odd Life of Timothy Green (BV),BV,51900000.0,4200000.0,2012
823,The Three Stooges (Fox),Fox,44300000.0,10500000.0,2012
824,The Five-Year Engagement (Uni.),Uni.,28800000.0,25100000.0,2012
825,Lawless (Wein.),Wein.,37400000.0,16300000.0,2012
826,Silent Hill: Revelation 3D (ORF),ORF,17500000.0,34800000.0,2012
827,Red Tails (Fox),Fox,49900000.0,489000.0,2012
828,"Monsters, Inc. (3D) (BV)",BV,34000000.0,16200000.0,2012
829,Trouble with the Curve (WB),WB,35800000.0,13200000.0,2012
830,Little White Lies (MPI),MPI,206000.0,48300000.0,2012
831,End of Watch (ORF),ORF,41000000.0,7100000.0,2012
832,Man on a Ledge (LG/S),LG/S,18600000.0,27600000.0,2012
833,Red Dawn (2012) (FD),FD,44800000.0,19400000.0,2012
834,House at the End of The Street (Rela.),Rela.,31600000.0,12700000.0,2012
835,The Guilt Trip (Par.),Par.,37100000.0,4700000.0,2012
836,A Werewolf Boy (CJ),CJ,343000.0,41300000.0,2012
837,Safe (2012) (LGF),LGF,17100000.0,23200000.0,2012
838,Killing Them Softly (Wein.),Wein.,15000000.0,22900000.0,2012
839,Chernobyl Diaries (WB),WB,18100000.0,19000000.0,2012
840,One For the Money (LGF),LGF,26400000.0,10500000.0,2012
841,Dredd (LGF),LGF,13400000.0,22200000.0,2012
842,Tyler Perry's Good Deeds (LGF),LGF,35000000.0,553000.0,2012
843,Arbitrage (RAtt.),RAtt.,7900000.0,27600000.0,2012
844,Chimpanzee (BV),BV,29000000.0,5900000.0,2012
845,Alex Cross (LG/S),LG/S,25900000.0,8700000.0,2012
846,Salmon Fishing in the Yemen (CBS),CBS,9000000.0,25500000.0,2012
847,Fetih 1453: The Conquest of Constantinople (NeoC),NeoC,35700.0,34400000.0,2012
848,Cirque Du Soleil: Worlds Away (Par.),Par.,12500000.0,21600000.0,2012
849,The Perks of Being a Wallflower (LG/S),LG/S,17700000.0,15600000.0,2012
850,Haywire (Rela.),Rela.,18900000.0,14400000.0,2012
851,Katy Perry: Part of Me (Par.),Par.,25300000.0,7400000.0,2012
852,Lockout (FD),FD,14300000.0,17900000.0,2012
853,Joyful Noise (WB),WB,30900000.0,226000.0,2012
854,Premium Rush (Sony),Sony,20300000.0,10800000.0,2012
855,The Raven (Rela.),Rela.,16000000.0,13600000.0,2012
856,Rowdy Rathore (UTV),UTV,777000.0,28600000.0,2012
857,Dragon (2012) (RTWC),RTWC,11100.0,29100000.0,2012
858,Bol Bachchan (FIP),FIP,1200000.0,27600000.0,2012
859,The Master (Wein.),Wein.,16399999.0,11900000.0,2012
860,Rust and Bone (SPC),SPC,2100000.0,23700000.0,2012
861,Big Miracle (Uni.),Uni.,20200000.0,4600000.0,2012
862,Sparkle (2012) (TriS),TriS,24400000.0,240000.0,2012
863,To the Arctic (IMAX) (WB),WB,14600000.0,9100000.0,2012
864,Hitchcock (FoxS),FoxS,6000000.0,17600000.0,2012
865,A Thousand Words (P/DW),P/DW,18500000.0,3600000.0,2012
866,Wanderlust (Uni.),Uni.,17500000.0,4200000.0,2012
867,Beasts of the Southern Wild (FoxS),FoxS,12800000.0,8300000.0,2012
868,Polisse (IFC),IFC,211000.0,20200000.0,2012
869,Amour (SPC),SPC,6700000.0,13100000.0,2012
870,The Man with the Iron Fists (Uni.),Uni.,15600000.0,4099999.0,2012
872,Seven Psychopaths (CBS),CBS,15000000.0,4400000.0,2012
873,Gone (LG/S),LG/S,11700000.0,6400000.0,2012
874,Norwegian Wood (RF),RF,13000.0,17600000.0,2012
875,The Cold Light of Day (LG/S),LG/S,3800000.0,13100000.0,2012
876,My Way (2012) (CJ),CJ,70200.0,16500000.0,2012
877,Tomorrow When the War Began (Free),Free,4900.0,16500000.0,2012
878,We Have a Pope (IFC),IFC,548000.0,15600000.0,2012
879,Headhunters (Magn.),Magn.,1200000.0,14500000.0,2012
880,Hit and Run (ORF),ORF,13700000.0,704000.0,2012
881,War of the Buttons (2012) (Wein.),Wein.,47800.0,13800000.0,2012
882,Red Lights (2012) (MNE),MNE,52600.0,13500000.0,2012
883,The Words (CBS),CBS,11500000.0,1700000.0,2012
884,Playing for Keeps (FD),FD,13100000.0,19400000.0,2012
885,Silent House (ORF),ORF,12800000.0,347000.0,2012
886,Friends with Kids (RAtt.),RAtt.,7300000.0,5800000.0,2012
887,The Well-Digger's Daughter (KL),KL,386000.0,12200000.0,2012
888,Klown (Drft.),Drft.,68800.0,12400000.0,2012
889,People Like Us (BV),BV,12400000.0,19400000.0,2012
890,Seeking Justice (Anch.),Anch.,412000.0,11900000.0,2012
891,Bachelorette (RTWC),RTWC,448000.0,11500000.0,2012
892,This Must Be the Place (Wein.),Wein.,144000.0,11600000.0,2012
893,Fun Size (Par.),Par.,9400000.0,2000000.0,2012
894,Rec 3: Genesis (Magn.),Magn.,9600.0,10100000.0,2012
895,Delicacy (Cohen),Cohen,499000.0,9200000.0,2012
896,Seeking a Friend for the End of the World (Focus),Focus,7100000.0,2600000.0,2012
897,The Apparition (WB),WB,4900000.0,4700000.0,2012
898,For Greater Glory (ArcEnt),ArcEnt,5700000.0,4000000.0,2012
899,Hysteria (SPC),SPC,1800000.0,7700000.0,2012
900,Bernie (MNE),MNE,9200000.0,19400000.0,2012
901,The Sessions (FoxS),FoxS,6000000.0,3100000.0,2012
902,Ruby Sparks (FoxS),FoxS,2500000.0,6600000.0,2012
903,Hyde Park on Hudson (Focus),Focus,6400000.0,2500000.0,2012
904,On the Road (IFC),IFC,744000.0,8000000.0,2012
905,Boy (2012) (PalUni),PalUni,256000.0,8400000.0,2012
906,Piranha 3DD (W/Dim.),W/Dim.,377000.0,8100000.0,2012
907,Easy Money (2012) (Wein.),Wein.,206000.0,8199999.0,2012
908,Space Dogs 3D (EpicPics),EpicPics,14400.0,8300000.0,2012
909,Bel Ami (Magn.),Magn.,120000.0,8199999.0,2012
910,Promised Land (2012) (Focus),Focus,7600000.0,541000.0,2012
911,Iron Sky (EOne),EOne,122000.0,8000000.0,2012
912,Casa De Mi Padre (LGF),LGF,5900000.0,2100000.0,2012
913,Heroine (UTV),UTV,599000.0,7400000.0,2012
914,A Royal Affair (Magn.),Magn.,1500000.0,6000000.0,2012
915,All Together (KL),KL,43200.0,7200000.0,2012
916,My Worst Nightmare (Strand),Strand,22000.0,7100000.0,2012
917,The Collection (LD),LD,6800000.0,19400000.0,2012
918,Monsieur Lazhar (U.S.-only) (MBox),MBox,2000000.0,4600000.0,2012
919,Goon (Magn.),Magn.,4200000.0,2300000.0,2012
920,Cosmopolis (EOne),EOne,764000.0,5300000.0,2012
921,Chasing Mavericks (Fox),Fox,6000000.0,600.0,2012
922,Declaration of War (IFC),IFC,59100.0,5800000.0,2012
923,Puella Magi Madoka Magica the Movie (Elev.),Elev.,180000.0,5600000.0,2012
924,Albert Nobbs (RAtt.),RAtt.,3000000.0,2600000.0,2012
925,In Darkness (SPC),SPC,1000000.0,4500000.0,2012
926,Won't Back Down (Fox),Fox,5300000.0,19400000.0,2012
927,Farewell My Queen (Cohen),Cohen,1600000.0,3700000.0,2012
929,Girl in Progress (LGF),LGF,2600000.0,2000000.0,2012
930,"Jeff, Who Lives at Home (ParV)",ParV,4300000.0,148000.0,2012
931,Barbara (AF),AF,1000000.0,3100000.0,2012
932,The Raid: Redemption (SPC),SPC,4099999.0,19400000.0,2012
934,Safety Not Guaranteed (FD),FD,4000000.0,19400000.0,2012
935,Nitro Circus the Movie 3D (ArcEnt),ArcEnt,3400000.0,526000.0,2012
937,The Lady (Cohen),Cohen,355000.0,3400000.0,2012
938,Branded (RAtt.),RAtt.,354000.0,3400000.0,2012
939,The Rabbi's Cat (GK),GK,23400.0,3700000.0,2012
940,Searching for Sugar Man (SPC),SPC,3700000.0,19400000.0,2012
941,Killer Joe (LD),LD,2000000.0,1700000.0,2012
942,Hara-Kiri: Death of a Samurai (Trib.),Trib.,75700.0,3400000.0,2012
943,Robot & Frank (Gold.),Gold.,3300000.0,19400000.0,2012
944,Raiders of the Lost Ark (IMAX) (Par.),Par.,3100000.0,19400000.0,2012
945,Celeste and Jesse Forever (SPC),SPC,3100000.0,19400000.0,2012
946,Jab Tak Hai Jaan (Yash),Yash,3000000.0,19400000.0,2012
947,Intruders (MNE),MNE,69100.0,2900000.0,2012
948,Talaash (Relbig.),Relbig.,2900000.0,19400000.0,2012
949,Barfi! (UTV),UTV,2800000.0,19400000.0,2012
950,A Simple Life (CL),CL,192000.0,2600000.0,2012
951,Samsara (Osci.),Osci.,2700000.0,19400000.0,2012
952,Simon and the Oaks (TFA),TFA,151000.0,2400000.0,2012
953,Jiro Dreams of Sushi (Magn.),Magn.,2600000.0,19400000.0,2012
954,Dabangg 2 (Eros),Eros,2500000.0,19400000.0,2012
955,Kid With a Bike (IFC),IFC,1500000.0,1000000.0,2012
956,The Queen of Versailles (Magn.),Magn.,2400000.0,19400000.0,2012
957,Ek Tha Tiger (Yash),Yash,2300000.0,19400000.0,2012
958,Chico & Rita (GK),GK,351000.0,1900000.0,2012
959,Stolen (2012) (MNE),MNE,304000.0,1800000.0,2012
960,Footnote (SPC),SPC,2000000.0,19400000.0,2012
961,The Imposter (IM),IM,898000.0,1100000.0,2012
962,Agneepath (Eros),Eros,2000000.0,19400000.0,2012
963,The Day I Saw Your Heart (FM),FM,3500.0,2000000.0,2012
964,English Vinglish (Eros),Eros,1900000.0,19400000.0,2012
965,Housefull 2 (Eros),Eros,1800000.0,19400000.0,2012
967,Tales of the Night (GK),GK,11000.0,1700000.0,2012
968,Beloved (2012) (IFC),IFC,138000.0,1500000.0,2012
969,360 (Magn.),Magn.,100000.0,1600000.0,2012
970,2 Days in New York (Magn.),Magn.,633000.0,1000000.0,2012
971,Your Sister's Sister (IFC),IFC,1600000.0,19400000.0,2012
972,Hermano (MBox),MBox,29900.0,1600000.0,2012
973,Lay the Favorite (RTWC),RTWC,21000.0,1600000.0,2012
974,Soldiers of Fortune (RAtt.),RAtt.,38900.0,1500000.0,2012
975,A Late Quartet (EOne),EOne,1600000.0,19400000.0,2012
976,I Wish (Magn.),Magn.,146000.0,1400000.0,2012
977,The Salt of Life (Zeit.),Zeit.,317000.0,1200000.0,2012
978,Chicken with Plums (SPC),SPC,254000.0,1200000.0,2012
979,Marley (Magn.),Magn.,1400000.0,19400000.0,2012
980,The Paperboy (MNE),MNE,693000.0,661000.0,2012
981,Chasing Ice (SD),SD,1300000.0,19400000.0,2012
982,Unforgivable (Strand),Strand,154000.0,1200000.0,2012
983,A Little Bit of Heaven (MNE),MNE,15400.0,1300000.0,2012
984,The Other Son (Cohen),Cohen,1300000.0,19400000.0,2012
985,Meerkats (NGE),NGE,778000.0,482000.0,2012
986,"For a Good Time, Call... (Focus)",Focus,1300000.0,19400000.0,2012
987,Take This Waltz (Magn.),Magn.,1200000.0,19400000.0,2012
988,Cocktail (2012) (Eros),Eros,1200000.0,19400000.0,2012
989,Once Upon a Time in Anatolia (CGld),CGld,152000.0,1000000.0,2012
990,Ek Main Aur Ekk Tu (UTV),UTV,1200000.0,19400000.0,2012
991,The Deep Blue Sea (MBox),MBox,1100000.0,19400000.0,2012
992,Coriolanus (Wein.),Wein.,757000.0,315000.0,2012
993,Diana Vreeland: The Eye Has to Travel (Gold.),Gold.,1000000.0,19400000.0,2012
994,First Position (IFC),IFC,1000000.0,19400000.0,2012
995,Damsels in Distress (SPC),SPC,1000000.0,19400000.0,2012
996,Rampart (MNE),MNE,973000.0,19400000.0,2012
997,Elles (KL),KL,158000.0,754000.0,2012
998,W.E. (Wein.),Wein.,583000.0,285000.0,2012
999,Breathing (KL),KL,4600.0,803000.0,2012
1000,Darling Companion (SPC),SPC,794000.0,19400000.0,2012
1001,Teri Meri Kahaani (Eros),Eros,781000.0,19400000.0,2012
1002,Son of Sardaar (Eros),Eros,772000.0,19400000.0,2012
1003,Agent Vinod (Eros),Eros,698000.0,19400000.0,2012
1004,Student of the Year (Eros),Eros,670000.0,19400000.0,2012
1005,The Polar Express (2012 re-issue) (WB),WB,669000.0,19400000.0,2012
1006,Holy Motors (IM),IM,641000.0,19400000.0,2012
1007,Free Men (FM),FM,53800.0,564000.0,2012
1008,"Peace, Love and Misunderstanding (IFC)",IFC,591000.0,19400000.0,2012
1009,Undefeated (2012) (Wein.),Wein.,562000.0,19400000.0,2012
1010,Sister (2012) (AF),AF,155000.0,400000.0,2012
1011,Vicky Donor (Eros),Eros,549000.0,19400000.0,2012
1012,Being Flynn (Focus),Focus,540000.0,19400000.0,2012
1013,Ai Weiwei: Never Sorry (IFC),IFC,534000.0,19400000.0,2012
1014,Where Do We Go Now? (SPC),SPC,532000.0,19400000.0,2012
1015,Bully (2012) (Wein.),Wein.,279000.0,182000.0,2012
1016,Ferrari Ki Sawaari (Eros),Eros,434000.0,19400000.0,2012
1018,Apartment 143 (Magn.),Magn.,400.0,426000.0,2012
1019,Sound of My Voice (FoxS),FoxS,408000.0,19400000.0,2012
1020,Khiladi 786 (Eros),Eros,379000.0,19400000.0,2012
1021,Smashed (SPC),SPC,377000.0,19400000.0,2012
1022,Universal Soldier: Day of Reckoning (Magn.),Magn.,5500.0,364000.0,2012
1023,The Oranges (ATO),ATO,366000.0,19400000.0,2012
1024,Liberal Arts (IFC),IFC,327000.0,19400000.0,2012
1025,Compliance (Magn.),Magn.,319000.0,19400000.0,2012
1026,Back to 1942 (CL),CL,313000.0,19400000.0,2012
1027,The Flowers of War (WHE),WHE,311000.0,19400000.0,2012
1028,Something From Nothing: The Art of Rap (IM),IM,288000.0,19400000.0,2012
1029,Love in the Buff (CL),CL,256000.0,19400000.0,2012
1030,Lola Versus (FoxS),FoxS,253000.0,19400000.0,2012
1031,Keep the Lights On (MBox),MBox,246000.0,19400000.0,2012
1032,Gerhard Richter Painting (KL),KL,243000.0,19400000.0,2012
1033,Trishna (IFC),IFC,240000.0,19400000.0,2012
1034,Elena (Zeit.),Zeit.,233000.0,19400000.0,2012
1035,Tezz (Eros),Eros,230000.0,19400000.0,2012
1036,The Viral Factor (CL),CL,220000.0,19400000.0,2012
1037,Neil Young Journeys (SPC),SPC,215000.0,19400000.0,2012
1038,Tai Chi Zero (Vari.),Vari.,212000.0,19400000.0,2012
1039,The House I Live In (Abr.),Abr.,211000.0,19400000.0,2012
1040,10 Years (Anch.),Anch.,203000.0,19400000.0,2012
1041,17 Girls (Strand),Strand,15100.0,186000.0,2012
1042,Tim & Eric's Billion Dollar Movie (Magn.),Magn.,201000.0,19400000.0,2012
1043,Any Day Now (MBox),MBox,201000.0,19400000.0,2012
1044,Tere Naal Love Ho Gaya (UTV),UTV,178000.0,19400000.0,2012
1045,The Hunter (2012) (Magn.),Magn.,177000.0,19400000.0,2012
1046,Butter (RTWC),RTWC,105000.0,70700.0,2012
1047,Kill List (IFC),IFC,29100.0,143000.0,2012
1048,Flying Swords of Dragon Gate (IM),IM,170000.0,19400000.0,2012
1049,Joker (UTV),UTV,169000.0,19400000.0,2012
1050,Dark Horse (BM&DH),BM&DH,166000.0,19400000.0,2012
1051,Shirin Farhad Ki Toh Nikal Padi (Eros),Eros,156000.0,19400000.0,2012
1052,Bullhead (Drft.),Drft.,152000.0,19400000.0,2012
1053,Chakravyuh (Eros),Eros,152000.0,19400000.0,2012
1054,Luv Shuv Tey Chicken Khurana (UTV),UTV,144000.0,19400000.0,2012
1055,High School (Anch.),Anch.,139000.0,19400000.0,2012
1056,Warriors of the Rainbow: Seediq Bale (WGUSA),WGUSA,136000.0,19400000.0,2012
1057,The Loneliest Planet (IFC),IFC,130000.0,19400000.0,2012
1058,Forgiveness of Blood (IFC),IFC,127000.0,19400000.0,2012
1059,Toys in the Attic (Hann.),Hann.,64900.0,61600.0,2012
1060,"Turn Me On, Dammit! (NYer)",NYer,126000.0,19400000.0,2012
1061,God Bless America (Magn.),Magn.,123000.0,19400000.0,2012
1062,Bullet Vanishes (CL),CL,118000.0,19400000.0,2012
1063,The Woman in the Fifth (ATO),ATO,114000.0,19400000.0,2012
1064,5 Broken Cameras (KL),KL,110000.0,19400000.0,2012
1065,Hello I Must Be Going (Osci.),Osci.,107000.0,19400000.0,2012
1066,The Magic of Belle Isle (Magn.),Magn.,102000.0,19400000.0,2012
1067,"Oslo, August 31st (Strand)",Strand,101000.0,19400000.0,2012
1068,Wuthering Heights (2012) (Osci.),Osci.,101000.0,19400000.0,2012
1069,Mugamoodi (UTV),UTV,101000.0,19400000.0,2012
1070,V/H/S (Magn.),Magn.,100000.0,19400000.0,2012
1071,Goodbye First Love (IFC),IFC,95000.0,19400000.0,2012
1072,Marina Abramovic: The Artist is Present (MBox),MBox,86600.0,19400000.0,2012
1073,The Eye of the Storm (SEG),SEG,83600.0,19400000.0,2012
1074,Wagner & Me (FRun),FRun,37700.0,41000.0,2012
1075,The Innkeepers (Magn.),Magn.,78400.0,19400000.0,2012
1076,This is Not a Film (PalT),PalT,77000.0,19400000.0,2012
1077,The Island President (Gold.),Gold.,76400.0,19400000.0,2012
1078,Detachment (Trib.),Trib.,72700.0,19400000.0,2012
1080,Attenberg (Strand),Strand,24000.0,45900.0,2012
1081,Deadfall (2012) (Magn.),Magn.,66400.0,19400000.0,2012
1082,Girlfriend Boyfriend - GF BF (CL),CL,64400.0,19400000.0,2012
1083,Vulgaria (CL),CL,59100.0,19400000.0,2012
1084,The Turin Horse (CGld),CGld,56400.0,19400000.0,2012
1085,Jodi Breakers (Yash),Yash,52600.0,19400000.0,2012
1086,Painted Skin: The Resurrection (WGUSA),WGUSA,50400.0,19400000.0,2012
1087,"All's Well, End's Well (2012) (CL)",CL,47900.0,19400000.0,2012
1088,North Sea Texas (Strand),Strand,28300.0,16700.0,2012
1089,Double Trouble (CL),CL,44800.0,19400000.0,2012
1090,The Fairy (KL),KL,38400.0,19400000.0,2012
1091,Hit So Hard (Vari.),Vari.,34000.0,19400000.0,2012
1092,Kalakalappu@Masala Cafe (UTV),UTV,30900.0,19400000.0,2012
1093,The Bay (RAtt.),RAtt.,30700.0,19400000.0,2012
1094,You've Been Trumped (ICir),ICir,29300.0,19400000.0,2012
1095,Here (2012) (Strand),Strand,26700.0,19400000.0,2012
1096,In Another Country (KL),KL,25100.0,19400000.0,2012
1097,The First Time (Gold.),Gold.,22800.0,19400000.0,2012
1098,Bonsai (Strand),Strand,21300.0,19400000.0,2012
1099,The Day (Anch.),Anch.,21000.0,19400000.0,2012
1100,28 Hotel Rooms (Osci.),Osci.,18900.0,19400000.0,2012
1101,Lovely Molly (Imag.),Imag.,18500.0,19400000.0,2012
1102,Juan of the Dead (Outs),Outs,18000.0,19400000.0,2012
1103,4:44: Last Day on Earth (IFC),IFC,17800.0,19400000.0,2012
1104,Little Birds (MNE),MNE,17700.0,19400000.0,2012
1105,Return (2012) (Da.),Da.,16100.0,19400000.0,2012
1106,Alps (KL),KL,16100.0,19400000.0,2012
1107,Patience (After Sebald) (CGld),CGld,15900.0,19400000.0,2012
1108,Take Me Home (Mont.),Mont.,15800.0,19400000.0,2012
1109,Reuniting the Rubins (Mont.),Mont.,13600.0,19400000.0,2012
1110,Cirkus Columbia (Strand),Strand,3500.0,9500.0,2012
1111,Grassroots (Gold.),Gold.,12400.0,19400000.0,2012
1112,Husbands in Goa (UTV),UTV,10100.0,19400000.0,2012
1113,Starry Starry Night (CL),CL,10000.0,19400000.0,2012
1114,Corpo Celeste (FM),FM,8900.0,19400000.0,2012
1115,Dreams of a Life (Strand),Strand,8400.0,19400000.0,2012
1116,The Babymakers (MNE),MNE,7900.0,19400000.0,2012
1117,Las Acacias (OutF),OutF,6000.0,19400000.0,2012
1118,The Good Doctor (Magn.),Magn.,5200.0,19400000.0,2012
1119,Liar's Autobiography (BSM),BSM,5100.0,19400000.0,2012
1120,Sleepless Night (Trib.),Trib.,3400.0,19400000.0,2012
1121,ATM (IFC),IFC,3000.0,19400000.0,2012
1122,About Cherry (IFC),IFC,3000.0,19400000.0,2012
1123,Perfect Sense (IFC),IFC,3000.0,19400000.0,2012
1124,Cheerful Weather for the Wedding (IFC),IFC,2700.0,19400000.0,2012
1125,The Decoy Bride (IFC),IFC,800.0,19400000.0,2012
1126,Death of a Superhero (Trib.),Trib.,600.0,19400000.0,2012
1127,Frozen (BV),BV,400700000.0,875700000.0,2013
1128,Iron Man 3 (BV),BV,409000000.0,805800000.0,2013
1129,Despicable Me 2 (Uni.),Uni.,368100000.0,602700000.0,2013
1130,The Hobbit: The Desolation of Smaug (WB (NL)),WB (NL),258399999.0,700000000.0,2013
1131,The Hunger Games: Catching Fire (LGF),LGF,424700000.0,440300000.0,2013
1132,Fast & Furious 6 (Uni.),Uni.,238700000.0,550000000.0,2013
1133,Monsters University (BV),BV,268500000.0,475700000.0,2013
1134,Gravity (WB),WB,274100000.0,449100000.0,2013
1135,Man of Steel (WB),WB,291000000.0,377000000.0,2013
1136,Thor: The Dark World (BV),BV,206400000.0,438200000.0,2013
1137,The Croods (Fox),Fox,187200000.0,400000000.0,2013
1138,World War Z (Par.),Par.,202400000.0,337600000.0,2013
1139,Oz The Great and Powerful (BV),BV,234900000.0,258399999.0,2013
1140,Star Trek Into Darkness (Par.),Par.,228800000.0,238600000.0,2013
1141,The Wolverine (Fox),Fox,132600000.0,282300000.0,2013
1142,Pacific Rim (WB),WB,101800000.0,309200000.0,2013
1143,The Wolf of Wall Street (Par.),Par.,116900000.0,275100000.0,2013
1144,G.I. Joe: Retaliation (Par.),Par.,122500000.0,253200000.0,2013
1145,The Hangover Part III (WB),WB,112200000.0,249800000.0,2013
1146,The Great Gatsby (2013) (WB),WB,144800000.0,208800000.0,2013
1147,Now You See Me (LG/S),LG/S,117700000.0,234000000.0,2013
1148,The Smurfs 2 (Sony),Sony,71000000.0,276500000.0,2013
1149,The Conjuring (WB (NL)),WB (NL),137400000.0,182100000.0,2013
1150,A Good Day to Die Hard (Fox),Fox,67300000.0,237300000.0,2013
1151,Oblivion (Uni.),Uni.,89100000.0,197100000.0,2013
1152,Elysium (TriS),TriS,93100000.0,193100000.0,2013
1153,Turbo (Fox),Fox,83000000.0,199500000.0,2013
1154,Cloudy with a Chance of Meatballs 2 (Sony),Sony,119800000.0,154500000.0,2013
1155,We're the Millers (WB (NL)),WB (NL),150400000.0,119600000.0,2013
1156,Epic (Fox),Fox,107500000.0,160900000.0,2013
1157,The Lone Ranger (BV),BV,89300000.0,171200000.0,2013
1158,American Hustle (Sony),Sony,150100000.0,101100000.0,2013
1159,Grown Ups 2 (Sony),Sony,133699999.0,113300000.0,2013
1160,After Earth (Sony),Sony,60500000.0,183300000.0,2013
1161,Planes (BV),BV,90300000.0,149000000.0,2013
1162,The Heat (Fox),Fox,159600000.0,70300000.0,2013
1163,Hansel and Gretel: Witch Hunters (Par.),Par.,55700000.0,170600000.0,2013
1164,Captain Phillips (Sony),Sony,107100000.0,111700000.0,2013
1165,White House Down (Sony),Sony,73100000.0,132300000.0,2013
1166,Percy Jackson: Sea of Monsters (Fox),Fox,68600000.0,131300000.0,2013
1167,Lost in Thailand (WAMCR),WAMCR,57400.0,197700000.0,2013
1168,Jack the Giant Slayer (WB (NL)),WB (NL),65200000.0,132500000.0,2013
1169,The Secret Life of Walter Mitty (Fox),Fox,58200000.0,129900000.0,2013
1170,12 Years a Slave (FoxS),FoxS,56700000.0,131100000.0,2013
1171,Lee Daniels' The Butler (Wein.),Wein.,116600000.0,60000000.0,2013
1172,Identity Thief (Uni.),Uni.,134500000.0,39500000.0,2013
1173,Anchorman 2: The Legend Continues (Par.),Par.,125200000.0,46300000.0,2013
1174,Olympus Has Fallen (FD),FD,98900000.0,71300000.0,2013
1175,Insidious Chapter 2 (FD),FD,83600000.0,78300000.0,2013
1176,Lone Survivor (Uni.),Uni.,125100000.0,29700000.0,2013
1177,Jackass Presents: Bad Grandpa (Par.),Par.,102000000.0,49800000.0,2013
1178,47 Ronin (Uni.),Uni.,38400000.0,113400000.0,2013
1179,Red 2 (LG/S),LG/S,53300000.0,94800000.0,2013
1180,Mama (Uni.),Uni.,71600000.0,74800000.0,2013
1181,Escape Plan (LG/S),LG/S,25100000.0,112200000.0,2013
1182,Last Vegas (CBS),CBS,63900000.0,70500000.0,2013
1183,2 Guns (Uni.),Uni.,75600000.0,56300000.0,2013
1184,Walking with Dinosaurs (Fox),Fox,36100000.0,90500000.0,2013
1185,This is the End (Sony),Sony,101500000.0,24600000.0,2013
1186,Ender's Game (LG/S),LG/S,61700000.0,63800000.0,2013
1187,Prisoners (WB),WB,61000000.0,61100000.0,2013
1188,Saving Mr. Banks (BV),BV,83300000.0,34600000.0,2013
1189,Warm Bodies (LG/S),LG/S,66400000.0,50600000.0,2013
1190,Jurassic Park 3D (Uni.),Uni.,45400000.0,71100000.0,2013
1191,Personal Tailor (CL),CL,376000.0,115800000.0,2013
1192,Free Birds (Rela.),Rela.,55800000.0,54600000.0,2013
1193,Gangster Squad (WB),WB,46000000.0,59200000.0,2013
1194,Philomena (Wein.),Wein.,37700000.0,62400000.0,2013
1195,Instructions Not Included (LGF),LGF,44500000.0,54600000.0,2013
1196,Riddick (Uni.),Uni.,42000000.0,56300000.0,2013
1197,Safe Haven (Rela.),Rela.,71300000.0,26200000.0,2013
1198,Evil Dead (2013) (TriS),TriS,54200000.0,43300000.0,2013
1199,Blue Jasmine (SPC),SPC,33400000.0,64099999.0,2013
1200,The Mortal Instruments: City of Bones (SGem),SGem,31200000.0,64200000.0,2013
1201,The Internship (Fox),Fox,44700000.0,48800000.0,2013
1202,Rush (2013) (Uni.),Uni.,26900000.0,63300000.0,2013
1203,The Purge (Uni.),Uni.,64500000.0,24900000.0,2013
1204,Dhoom 3 (Yash),Yash,8000000.0,80000000.0,2013
1205,About Time (Uni.),Uni.,15300000.0,71800000.0,2013
1206,Pain and Gain (Par.),Par.,49900000.0,36300000.0,2013
1207,Carrie (2013) (SGem),SGem,35300000.0,49500000.0,2013
1208,The Family (2013) (Rela.),Rela.,36900000.0,41500000.0,2013
1209,Scary Movie 5 (W/Dim.),W/Dim.,32000000.0,46400000.0,2013
1210,R.I.P.D. (Uni.),Uni.,33600000.0,44700000.0,2013
1211,Tiny Times (CL),CL,23500.0,77700000.0,2013
1212,The Book Thief (Fox),Fox,21500000.0,55100000.0,2013
1213,Escape From Planet Earth (Wein.),Wein.,57000000.0,17600000.0,2013
1214,August: Osage County (Wein.),Wein.,37700000.0,36500000.0,2013
1215,The Best Man Holiday (Uni.),Uni.,70500000.0,2300000.0,2013
1216,Young Detective Dee: Rise of the Sea Dragon (WAMCR),WAMCR,87800.0,72200000.0,2013
1217,The Counselor (Fox),Fox,17000000.0,54000000.0,2013
1218,The Call (TriS),TriS,51900000.0,16700000.0,2013
1219,One Direction: This is Us (TriS),TriS,28900000.0,39700000.0,2013
1220,The Grandmaster (Wein.),Wein.,6600000.0,57500000.0,2013
1221,Side Effects (2013) (ORF),ORF,32200000.0,31200000.0,2013
1222,The Host (2013) (ORF),ORF,26600000.0,36700000.0,2013
1223,Runner Runner (Fox),Fox,19300000.0,43400000.0,2013
1224,From Up on Poppy Hill (GK),GK,1000000.0,60000000.0,2013
1225,Kick-Ass 2 (Uni.),Uni.,28800000.0,32000000.0,2013
1226,A Haunted House (ORF),ORF,40000000.0,20100000.0,2013
1227,Beautiful Creatures (2013) (WB),WB,19500000.0,40600000.0,2013
1228,Quartet (Wein.),Wein.,18400000.0,41100000.0,2013
1229,Dallas Buyers Club (Focus),Focus,27300000.0,27900000.0,2013
1230,The Face Reader (PM&E),PM&E,516000.0,54100000.0,2013
1231,Tyler Perry's A Madea Christmas (LGF),LGF,52500000.0,853000.0,2013
1232,Tyler Perry's Temptation: Confessions of a Marriage Counselor (LGF),LGF,52000000.0,1200000.0,2013
1233,Delivery Man (BV),BV,30700000.0,19300000.0,2013
1234,The Berlin File (CJ),CJ,665000.0,48300000.0,2013
1235,The Last Stand (LGF),LGF,12100000.0,36300000.0,2013
1236,21 and Over (Rela.),Rela.,25700000.0,22400000.0,2013
1237,Her (2013) (WB),WB,25600000.0,21800000.0,2013
1238,Tiny Times 2 (CL),CL,43800.0,47200000.0,2013
1239,Texas Chainsaw 3D (LGF),LGF,34300000.0,12900000.0,2013
1240,The Big Wedding (LGF),LGF,21800000.0,24700000.0,2013
1241,Parker (FD),FD,17600000.0,28600000.0,2013
1242,The World's End (Focus),Focus,26000000.0,20100000.0,2013
1243,Grudge Match (WB),WB,29800000.0,15100000.0,2013
1244,Homefront (ORF),ORF,20200000.0,22900000.0,2013
1245,Snitch (LG/S),LG/S,42900000.0,19400000.0,2013
1246,Jobs (ORF),ORF,16100000.0,19800000.0,2013
1247,The Place Beyond the Pines (Focus),Focus,21400000.0,14100000.0,2013
1248,Inside Llewyn Davis (CBS),CBS,13200000.0,19700000.0,2013
1249,Mud (RAtt.),RAtt.,21600000.0,11000000.0,2013
1250,Movie 43 (Rela.),Rela.,8800000.0,23600000.0,2013
1251,Kevin Hart: Let Me Explain (LG/S),LG/S,32200000.0,74000.0,2013
1252,Spring Breakers (A24),A24,14100000.0,17600000.0,2013
1253,New World (2013) (WGUSA),WGUSA,458000.0,31200000.0,2013
1254,Don Jon (Rela.),Rela.,24500000.0,6000000.0,2013
1255,I Give It a Year (Magn.),Magn.,34700.0,28200000.0,2013
1256,Nebraska (Par.),Par.,17700000.0,10000000.0,2013
1257,The Incredible Burt Wonderstone (WB (NL)),WB (NL),22500000.0,4900000.0,2013
1258,Mandela: Long Walk to Freedom (Wein.),Wein.,8300000.0,19000000.0,2013
1259,Khumba (MNE),MNE,1000.0,27200000.0,2013
1260,Dark Skies (W/Dim.),W/Dim.,17400000.0,9000000.0,2013
1261,Enough Said (FoxS),FoxS,17600000.0,7700000.0,2013
1262,Trance (FoxS),FoxS,2300000.0,21900000.0,2013
1263,"The Way, Way Back (FoxS)",FoxS,21500000.0,1700000.0,2013
1264,Kon-Tiki (Wein.),Wein.,1500000.0,21300000.0,2013
1265,Baggage Claim (FoxS),FoxS,21600000.0,887000.0,2013
1266,Diana (EOne),EOne,335000.0,21400000.0,2013
1267,The Great Beauty (Jan.),Jan.,2900000.0,18500000.0,2013
1269,The Sapphires (Wein.),Wein.,2500000.0,18000000.0,2013
1270,Broken City (Fox),Fox,19700000.0,19400000.0,2013
1271,The Company You Keep (SPC),SPC,5100000.0,14500000.0,2013
1272,The Bling Ring (A24),A24,5800000.0,13300000.0,2013
1273,You're Next (LGF),LGF,18500000.0,19400000.0,2013
1274,Dead Man Down (FD),FD,10900000.0,7200000.0,2013
1275,Admission (Focus),Focus,18000000.0,19400000.0,2013
1276,Fruitvale Station (Wein.),Wein.,16100000.0,1300000.0,2013
1277,Battle of the Year (SGem),SGem,8900000.0,7700000.0,2013
1278,Out of the Furnace (Rela.),Rela.,11300000.0,4300000.0,2013
1279,Billy and Buddy (Distrib.),Distrib.,900.0,15200000.0,2013
1280,The Last Exorcism Part II (CBS),CBS,15200000.0,19400000.0,2013
1281,Machete Kills (ORF),ORF,8000000.0,7000000.0,2013
1282,Journey to the South Pacific (Imax),Imax,7600000.0,6500000.0,2013
1283,Paranoia (Rela.),Rela.,7400000.0,6400000.0,2013
1284,All Is Lost (RAtt.),RAtt.,6300000.0,7400000.0,2013
1285,Puella Magi Madoka Magica the Movie: Rebellion (Elev.),Elev.,376000.0,12600000.0,2013
1286,Stoker (FoxS),FoxS,1700000.0,10400000.0,2013
1287,In the House (Cohen),Cohen,390000.0,11500000.0,2013
1288,I'm So Excited (SPC),SPC,1400000.0,10400000.0,2013
1289,Haute Cuisine (Wein.),Wein.,218000.0,11200000.0,2013
1290,Before Midnight (SPC),SPC,8100000.0,3100000.0,2013
1291,Only God Forgives (RTWC),RTWC,779000.0,9900000.0,2013
1292,The Past (SPC),SPC,1300000.0,9300000.0,2013
1293,Love is All You Need (SPC),SPC,1600000.0,8400000.0,2013
1294,Bullet to the Head (WB),WB,9500000.0,19400000.0,2013
1295,Tyler Perry Presents Peeples (LGF),LGF,9200000.0,130000.0,2013
1296,Jerusalem (NGE),NGE,8000000.0,1300000.0,2013
1297,The Fifth Estate (BV),BV,3300000.0,5300000.0,2013
1298,Upside Down (MNE),MNE,105000.0,8000000.0,2013
1299,Metallica Through the Never (PH),PH,3400000.0,4600000.0,2013
1300,Pulling Strings (LGF),LGF,5800000.0,2000000.0,2013
1301,Black Nativity (FoxS),FoxS,7000000.0,436000.0,2013
1302,Blue Is the Warmest Color (IFC),IFC,2200000.0,5200000.0,2013
1303,Unfinished Song (Wein.),Wein.,1700000.0,5300000.0,2013
1304,The Angels' Share (IFC),IFC,347000.0,6700000.0,2013
1305,The Spectacular Now (A24),A24,6900000.0,19400000.0,2013
1306,The Sweeney (EOne),EOne,26700.0,6300000.0,2013
1307,Believe (ORF),ORF,6200000.0,19400000.0,2013
1309,Closed Circuit (Focus),Focus,5800000.0,19400000.0,2013
1310,Populaire (Wein.),Wein.,179000.0,5300000.0,2013
1311,Broken Circle Breakdown (Trib.),Trib.,175000.0,5300000.0,2013
1312,Fists of Legend (CJ),CJ,134000.0,5300000.0,2013
1313,Chennai Express (UTV),UTV,5300000.0,19400000.0,2013
1314,20 Feet from Stardom (RTWC),RTWC,4900000.0,19400000.0,2013
1315,Oldboy (2013) (FD),FD,2200000.0,2700000.0,2013
1316,Commitment (WGUSA),WGUSA,76500.0,4500000.0,2013
1317,White Elephant (Strand),Strand,8900.0,4400000.0,2013
1318,Much Ado About Nothing (2013) (RAtt.),RAtt.,4300000.0,19400000.0,2013
1319,Frances Ha (IFC),IFC,4099999.0,19400000.0,2013
1320,You Will Be My Son (Cohen),Cohen,285000.0,3600000.0,2013
1321,Yeh Jawaani Hai Deewani (Eros),Eros,3800000.0,19400000.0,2013
1322,Pieta (Drft.),Drft.,22100.0,3600000.0,2013
1323,Mental (Da.),Da.,17700.0,3600000.0,2013
1324,The To-Do List (CBS),CBS,3500000.0,74600.0,2013
1325,Mr. Nobody (Magn.),Magn.,3600.0,3500000.0,2013
1326,Emperor (RAtt.),RAtt.,3300000.0,19400000.0,2013
1327,Stand Up Guys (LGF),LGF,3300000.0,19400000.0,2013
1328,In a World (RAtt.),RAtt.,3000000.0,19400000.0,2013
1329,Ram-Leela (Eros),Eros,2700000.0,19400000.0,2013
1330,Capital (Cohen),Cohen,102000.0,2400000.0,2013
1331,The East (FoxS),FoxS,2300000.0,99700.0,2013
1332,I'm In Love With a Church Girl (HTR),HTR,2400000.0,19400000.0,2013
1333,No (2013) (SPC),SPC,2300000.0,19400000.0,2013
1334,Renoir (Gold.),Gold.,2300000.0,19400000.0,2013
1335,The Christmas Candle (ELS),ELS,2300000.0,19400000.0,2013
1336,Reality (2013) (Osci.),Osci.,72600.0,2200000.0,2013
1337,Krrish 3 (Eros),Eros,2200000.0,19400000.0,2013
1338,Austenland (SPC),SPC,2200000.0,19400000.0,2013
1339,The Sorcerer and the White Snake (Magn.),Magn.,18800.0,2100000.0,2013
1341,The Iceman (2013) (MNE),MNE,2000000.0,19400000.0,2013
1343,Fill the Void (SPC),SPC,1800000.0,19400000.0,2013
1344,Starbuck (U.S. only) (E1),E1,340000.0,1300000.0,2013
1345,Bhaag Milkha Bhaag (Relbig.),Relbig.,1600000.0,19400000.0,2013
1346,Therese (MPI),MPI,102000.0,1500000.0,2013
1347,Stories We Tell (RAtt.),RAtt.,1600000.0,19400000.0,2013
1348,Lovelace (RTWC),RTWC,357000.0,1200000.0,2013
1349,Race 2 (UTV),UTV,1600000.0,19400000.0,2013
1350,Disconnect (LD),LD,1400000.0,19400000.0,2013
1351,Girl Most Likely (RAtt.),RAtt.,1400000.0,19400000.0,2013
1352,Wadjda (U.S. only) (SPC),SPC,1300000.0,19400000.0,2013
1353,The Kings of Summer (CBS),CBS,1300000.0,19400000.0,2013
1354,The Invisible Woman (SPC),SPC,1200000.0,19400000.0,2013
1355,Violeta Went to Heaven (KL),KL,21500.0,1200000.0,2013
1356,Romeo and Juliet (2013) (Rela.),Rela.,1200000.0,19400000.0,2013
1357,Still Mine (Gold.),Gold.,1200000.0,19400000.0,2013
1358,The Wall (2013) (MBox),MBox,38700.0,1100000.0,2013
1359,Kai Po Che (UTV),UTV,1100000.0,19400000.0,2013
1360,What Maisie Knew (MNE),MNE,1100000.0,19400000.0,2013
1361,Thanks for Sharing (RAtt.),RAtt.,1100000.0,19400000.0,2013
1362,Ain't Them Bodies Saints (IFC),IFC,397000.0,635000.0,2013
1363,Kill Your Darlings (SPC),SPC,1000000.0,19400000.0,2013
1364,Short Term 12 (Cdgm.),Cdgm.,1000000.0,19400000.0,2013
1365,Ginger & Rosa (A24),A24,1000000.0,19400000.0,2013
1366,Lore (MBox),MBox,970000.0,19400000.0,2013
1367,Raanjhana (Eros),Eros,903000.0,19400000.0,2013
1369,Generation Iron (TVC),TVC,850000.0,19400000.0,2013
1370,The Monk (ATO),ATO,13500.0,794000.0,2013
1371,Satyagraha (UTV),UTV,739000.0,19400000.0,2013
1372,Hannah Arendt (Zeit.),Zeit.,717000.0,19400000.0,2013
1373,Besharam (Relbig.),Relbig.,680000.0,19400000.0,2013
1374,Salinger (Wein.),Wein.,584000.0,67000.0,2013
1375,The Hunt (Magn.),Magn.,613000.0,19400000.0,2013
1376,Walking the Camino: Six Ways to Santiago (FEF),FEF,613000.0,19400000.0,2013
1377,To The Wonder (Magn.),Magn.,588000.0,19400000.0,2013
1378,Lootera (Eros),Eros,582000.0,19400000.0,2013
1379,Museum Hours (CGld),CGld,561000.0,19400000.0,2013
1380,The Reluctant Fundamentalist (IFC),IFC,553000.0,19400000.0,2013
1381,You Ain't Seen Nothin' Yet (KL),KL,18900.0,488000.0,2013
1382,The Inevitable Defeat of Mister and Pete (LGF),LGF,495000.0,19400000.0,2013
1383,Act of Killing (Drft.),Drft.,487000.0,19400000.0,2013
1384,Sound City (Vari.),Vari.,423000.0,19400000.0,2013
1385,Shadow Dancer (Magn.),Magn.,101000.0,319000.0,2013
1386,A Hijacking (Magn.),Magn.,414000.0,19400000.0,2013
1387,Grand Masti (Eros),Eros,414000.0,19400000.0,2013
1388,Phata Poster Nikla Hero (Eros),Eros,411000.0,19400000.0,2013
1389,The Armstrong Lie (SPC),SPC,383000.0,19400000.0,2013
1390,Tai Chi Hero (WGUSA),WGUSA,35100.0,347000.0,2013
1391,At Any Price (SPC),SPC,381000.0,19400000.0,2013
1392,Shootout at Wadala (Eros),Eros,370000.0,19400000.0,2013
1393,Gori Tere Pyaar Mein (Relbig.),Relbig.,342000.0,19400000.0,2013
1394,Adore (EXCL),EXCL,319000.0,19400000.0,2013
1395,A Bottle in the Gaza Sea (FM),FM,5900.0,306000.0,2013
1396,Go Goa Gone (Eros),Eros,298000.0,19400000.0,2013
1397,Blancanieves (Cohen),Cohen,280000.0,19400000.0,2013
1398,Himmatwala (UTV),UTV,271000.0,19400000.0,2013
1399,Great Expectations (2013) (MSF),MSF,259000.0,19400000.0,2013
1400,The Silence (MBox),MBox,100000.0,132000.0,2013
1401,Singh Saab The Great (Eros),Eros,226000.0,19400000.0,2013
1402,ABCD (Any Body Can Dance) (UTV),UTV,222000.0,19400000.0,2013
1403,Arthur Newman (Cdgm.),Cdgm.,208000.0,19400000.0,2013
1404,Ghanchakkar (UTV),UTV,203000.0,19400000.0,2013
1405,Midnight's Children (P/108),P/108,190000.0,19400000.0,2013
1406,R... Rajkumar (Eros),Eros,167000.0,19400000.0,2013
1407,We Steal Secrets: The Story of Wikileaks (FCW),FCW,166000.0,19400000.0,2013
1408,The Patience Stone (SPC),SPC,149000.0,19400000.0,2013
1409,Rangeelay (Eros),Eros,148000.0,19400000.0,2013
1410,Drug War (Vari.),Vari.,128000.0,19400000.0,2013
1411,Beyond the Hills (IFC),IFC,125000.0,19400000.0,2013
1412,Storm Surfers 3D (XL),XL,117000.0,19400000.0,2013
1413,Yossi (Strand),Strand,117000.0,19400000.0,2013
1414,Spinning Plates (TFA),TFA,112000.0,19400000.0,2013
1415,Ek Thi Daayan (Eros),Eros,112000.0,19400000.0,2013
1416,The English Teacher (Cdgm.),Cdgm.,105000.0,19400000.0,2013
1417,Man of Tai Chi (RTWC),RTWC,100000.0,19400000.0,2013
1418,Passion (EOne),EOne,92200.0,19400000.0,2013
1419,Byzantium (IFC),IFC,89200.0,19400000.0,2013
1420,The Rooftop (WGUSA),WGUSA,85800.0,19400000.0,2013
1421,We Are What We Are (EOne),EOne,81400.0,19400000.0,2013
1422,Stuck in Love (MNE),MNE,81100.0,19400000.0,2013
1423,More Than Honey (KL),KL,79800.0,19400000.0,2013
1424,Caesar Must Die (AF),AF,76900.0,19400000.0,2013
1425,Leviathan (2013) (CGld),CGld,76200.0,19400000.0,2013
1426,No One Lives (Anch.),Anch.,74900.0,19400000.0,2013
1427,War Witch (Trib.),Trib.,70500.0,19400000.0,2013
1428,The Pervert's Guide to Ideology (Zeit.),Zeit.,68000.0,19400000.0,2013
1429,My Lucky Star (CL),CL,64400.0,19400000.0,2013
1430,Becoming Traviata (Distrib.),Distrib.,62700.0,19400000.0,2013
1431,Sightseers (IFC),IFC,61800.0,19400000.0,2013
1432,The Canyons (IFC),IFC,56800.0,19400000.0,2013
1433,Table No. 21 (Eros),Eros,46700.0,19400000.0,2013
1434,Wish You Were Here (2013) (EOne),EOne,46300.0,19400000.0,2013
1435,A Glimpse Inside the Mind of Charles Swan III (A24),A24,45400.0,19400000.0,2013
1436,The We and the I (P/108),P/108,42200.0,19400000.0,2013
1437,Killing Season (MNE),MNE,39900.0,19400000.0,2013
1438,Post Tenebras Lux (Strand),Strand,39200.0,19400000.0,2013
1439,Rising From Ashes (FRun),FRun,38600.0,19400000.0,2013
1440,Berberian Sound Studio (IFC),IFC,38500.0,19400000.0,2013
1441,Ip Man: The Final Fight (WGUSA),WGUSA,37900.0,19400000.0,2013
1442,Redemption (2013) (RAtt.),RAtt.,36900.0,19400000.0,2013
1443,Camille Claudel 1915 (KL),KL,35300.0,19400000.0,2013
1444,Bastards (IFC),IFC,24500.0,19400000.0,2013
1445,Paradise: Love (Strand),Strand,24300.0,19400000.0,2013
1446,Our Children (Distrib.),Distrib.,23200.0,19400000.0,2013
1447,V/H/S/2 (Magn.),Magn.,21800.0,19400000.0,2013
1448,The Look of Love (IFC),IFC,21300.0,19400000.0,2013
1449,The Painting (2013) (GK),GK,21000.0,19400000.0,2013
1450,Terraferma (Cohen),Cohen,20000.0,19400000.0,2013
1451,Love and Honor (2013) (IFC),IFC,19700.0,19400000.0,2013
1452,Nostalghia (KL),KL,18800.0,19400000.0,2013
1453,Casting By (SD),SD,18200.0,19400000.0,2013
1454,Violet & Daisy (Cdgm.),Cdgm.,17200.0,19400000.0,2013
1455,Jayne Mansfield's Car (Anch.),Anch.,14800.0,19400000.0,2013
1456,A Wedding Invitation (CJ),CJ,14400.0,19400000.0,2013
1457,Red Obsession (A23),A23,13200.0,19400000.0,2013
1458,The Selfish Giant (IFC),IFC,12200.0,19400000.0,2013
1459,Charlie Countryman (MNE),MNE,11700.0,19400000.0,2013
1460,Just Like a Woman (Cohen),Cohen,11400.0,19400000.0,2013
1461,So Young (CL),CL,11200.0,19400000.0,2013
1462,In the Name Of (FM),FM,9900.0,19400000.0,2013
1463,InchAllah (U.S. only) (EOne),EOne,9800.0,19400000.0,2013
1464,Welcome to the Punch (IFC),IFC,9700.0,19400000.0,2013
1465,Clandestine Childhood (IFC),IFC,9000.0,19400000.0,2013
1466,Argento's Dracula 3D (IFC),IFC,8100.0,19400000.0,2013
1467,Finding Mr. Right (CL),CL,6900.0,19400000.0,2013
1468,Paradise: Hope (Strand),Strand,6700.0,19400000.0,2013
1469,Paradise: Faith (Strand),Strand,6500.0,19400000.0,2013
1470,The Guillotines (WGUSA),WGUSA,5300.0,19400000.0,2013
1471,The Stroller Strategy (Rialto),Rialto,3500.0,19400000.0,2013
1472,What Richard Did (Trib.),Trib.,2700.0,19400000.0,2013
1473,Caught in the Web (Vita.),Vita.,1100.0,19400000.0,2013
1474,I Spit on Your Grave 2 (Anch.),Anch.,800.0,19400000.0,2013
1475,Into the White (Magn.),Magn.,700.0,19400000.0,2013
1476,Storage 24 (Magn.),Magn.,100.0,19400000.0,2013
1477,Transformers: Age of Extinction (Par.),Par.,245400000.0,858600000.0,2014
1478,The Hobbit: The Battle of the Five Armies (WB (NL)),WB (NL),255100000.0,700900000.0,2014
1479,Guardians of the Galaxy (BV),BV,333200000.0,440200000.0,2014
1480,Maleficent (BV),BV,241400000.0,517100000.0,2014
1481,The Hunger Games: Mockingjay - Part 1 (LGF),LGF,337100000.0,418200000.0,2014
1482,X-Men: Days of Future Past (Fox),Fox,233900000.0,513900000.0,2014
1483,Captain America: The Winter Soldier (BV),BV,259800000.0,454500000.0,2014
1484,Dawn of the Planet of the Apes (Fox),Fox,208500000.0,502100000.0,2014
1485,The Amazing Spider-Man 2 (Sony),Sony,202900000.0,506100000.0,2014
1486,Interstellar (Par.),Par.,188000000.0,489400000.0,2014
1487,Big Hero 6 (BV),BV,222500000.0,435300000.0,2014
1488,How to Train Your Dragon 2 (Fox),Fox,177000000.0,444500000.0,2014
1489,American Sniper (WB),WB,350100000.0,197300000.0,2014
1490,Godzilla (2014) (WB),WB,200700000.0,328400000.0,2014
1491,Rio 2 (Fox),Fox,131500000.0,368600000.0,2014
1492,Teenage Mutant Ninja Turtles (2014) (Par.),Par.,191200000.0,302100000.0,2014
1493,The LEGO Movie (WB),WB,257800000.0,211400000.0,2014
1494,Lucy (Uni.),Uni.,126700000.0,336700000.0,2014
1495,Penguins of Madagascar (Fox),Fox,83400000.0,289700000.0,2014
1496,Edge of Tomorrow (WB),WB,100200000.0,270300000.0,2014
1497,Gone Girl (Fox),Fox,167800000.0,201600000.0,2014
1498,Night at the Museum: Secret of the Tomb (Fox),Fox,113700000.0,249500000.0,2014
1499,Noah (Par.),Par.,101200000.0,261399999.0,2014
1500,The Maze Runner (Fox),Fox,102400000.0,245900000.0,2014
1501,300: Rise of An Empire (WB),WB,106600000.0,231000000.0,2014
1502,22 Jump Street (Sony),Sony,191700000.0,139600000.0,2014
1503,The Fault in our Stars (Fox),Fox,124900000.0,182300000.0,2014
1504,Divergent (LG/S),LG/S,150900000.0,137900000.0,2014
1505,Mr. Peabody & Sherman (Fox),Fox,111500000.0,164200000.0,2014
1506,Neighbors (Uni.),Uni.,150200000.0,120500000.0,2014
1507,Exodus: Gods and Kings (Fox),Fox,65000000.0,203200000.0,2014
1508,Annabelle (WB (NL)),WB (NL),84300000.0,172800000.0,2014
1509,Hercules (2014) (Par.),Par.,72700000.0,172100000.0,2014
1510,RoboCop (2014) (Sony),Sony,58600000.0,184100000.0,2014
1511,The Imitation Game (Wein.),Wein.,91100000.0,142400000.0,2014
1512,Non-Stop (Uni.),Uni.,92200000.0,130600000.0,2014
1513,Dracula Untold (Uni.),Uni.,56300000.0,160800000.0,2014
1514,The Expendables 3 (LGF),LGF,39300000.0,175300000.0,2014
1515,Into the Woods (BV),BV,128000000.0,85100000.0,2014
1516,Fury (2014) (Sony),Sony,85800000.0,126000000.0,2014
1517,Journey to the West (Magn.),Magn.,18100.0,205600000.0,2014
1518,Need for Speed (BV),BV,43600000.0,159700000.0,2014
1519,The Other Woman (2014) (Fox),Fox,83900000.0,112800000.0,2014
1520,The Equalizer (Sony),Sony,101500000.0,90800000.0,2014
1521,Breakup Buddies (CL),CL,778000.0,188200000.0,2014
1522,The Grand Budapest Hotel (FoxS),FoxS,59300000.0,115500000.0,2014
1523,Dumb and Dumber To (Uni.),Uni.,86200000.0,83600000.0,2014
1524,Unbroken (Uni.),Uni.,115600000.0,47800000.0,2014
1525,Into The Storm (WB (NL)),WB (NL),47600000.0,114100000.0,2014
1526,The Monuments Men (Sony),Sony,78000000.0,77000000.0,2014
1527,Ride Along (Uni.),Uni.,134900000.0,19500000.0,2014
1528,Planes: Fire & Rescue (BV),BV,59200000.0,92200000.0,2014
1529,Let's Be Cops (Fox),Fox,82400000.0,55800000.0,2014
1530,Jack Ryan: Shadow Recruit (Par.),Par.,50600000.0,84900000.0,2014
1531,Annie (2014) (Sony),Sony,85900000.0,47900000.0,2014
1532,Blended (WB),WB,46300000.0,81700000.0,2014
1533,Sex Tape (Sony),Sony,38500000.0,87500000.0,2014
1534,The Theory of Everything (Focus),Focus,35900000.0,87800000.0,2014
1535,The Nut Job (ORF),ORF,64300000.0,56600000.0,2014
1536,The Wind Rises (BV),BV,5200000.0,112700000.0,2014
1537,Pompeii (TriS),TriS,23200000.0,94600000.0,2014
1538,The Admiral: Roaring Currents (CJ),CJ,2600000.0,109600000.0,2014
1539,The Purge: Anarchy (Uni.),Uni.,72000000.0,40000000.0,2014
1540,The Boxtrolls (Focus),Focus,50800000.0,58400000.0,2014
1541,Horrible Bosses 2 (WB),WB,54400000.0,53200000.0,2014
1542,Ouija (Uni.),Uni.,50900000.0,52700000.0,2014
1543,Birdman (FoxS),FoxS,42300000.0,60900000.0,2014
1544,Transcendence (WB),WB,23000000.0,80000000.0,2014
1545,"Alexander and the Terrible, Horrible, No Good, Very Bad Day (BV)",BV,67000000.0,34400000.0,2014
1546,Heaven is for Real (TriS),TriS,91400000.0,9900000.0,2014
1547,Tammy (WB (NL)),WB (NL),84500000.0,16000000.0,2014
1548,P.K. (UTV),UTV,10600000.0,89800000.0,2014
1549,The Book of Life (2014) (Fox),Fox,50200000.0,49600000.0,2014
1550,Paranormal Activity: The Marked Ones (Par.),Par.,32500000.0,58400000.0,2014
1551,The Hundred-Foot Journey (BV),BV,54200000.0,34600000.0,2014
1552,John Wick (LG/S),LG/S,43000000.0,45700000.0,2014
1553,Deliver Us From Evil (SGem),SGem,30600000.0,57400000.0,2014
1554,A Million Ways to Die in the West (Uni.),Uni.,43100000.0,44100000.0,2014
1555,Snowpiercer (RTWC),RTWC,4600000.0,82200000.0,2014
1556,Step Up All In (LG/S),LG/S,14900000.0,71300000.0,2014
1557,The Judge (WB),WB,47100000.0,37300000.0,2014
1558,Muppets Most Wanted (BV),BV,51200000.0,29200000.0,2014
1559,If I Stay (WB (NL)),WB (NL),50500000.0,28400000.0,2014
1560,"I, Frankenstein (LGF)",LGF,19100000.0,52100000.0,2014
1561,The Attorney (WGUSA),WGUSA,557000.0,70000000.0,2014
1562,Think Like a Man Too (SGem),SGem,65200000.0,5000000.0,2014
1563,Brick Mansions (Rela.),Rela.,20400000.0,48500000.0,2014
1564,Stalingrad (2014) (Sony),Sony,1000000.0,67099999.0,2014
1565,Son of God (Fox),Fox,59700000.0,8100000.0,2014
1566,Jersey Boys (WB),WB,47000000.0,20600000.0,2014
1567,The Giver (Wein.),Wein.,45100000.0,21900000.0,2014
1568,Selma (Par.),Par.,52100000.0,14700000.0,2014
1569,God's Not Dead (Free),Free,60800000.0,3900000.0,2014
1570,Thunder and the House of Magic! (Shout!),Shout!,4100.0,64200000.0,2014
1571,Begin Again (Wein.),Wein.,16200000.0,47300000.0,2014
1572,The Legend of Hercules (LG/S),LG/S,18800000.0,42400000.0,2014
1573,Evangelion: 3.0 You Can (Not) Redo (Elev.),Elev.,175000.0,60300000.0,2014
1574,Dolphin Tale 2 (WB),WB,42000000.0,15800000.0,2014
1575,St. Vincent (Wein.),Wein.,44100000.0,10700000.0,2014
1576,No Good Deed (2014) (SGem),SGem,52500000.0,1800000.0,2014
1577,A Walk Among the Tombstones (Uni.),Uni.,26300000.0,26900000.0,2014
1578,3 Days to Kill (Rela.),Rela.,30700000.0,21900000.0,2014
1579,Wild (2014) (FoxS),FoxS,37900000.0,14600000.0,2014
1580,Magic in the Moonlight (SPC),SPC,10500000.0,40500000.0,2014
1581,Dragon Ball Z: Battle of Gods (SV),SV,2600000.0,47800000.0,2014
1582,About Last Night (2014) (SGem),SGem,48600000.0,365000.0,2014
1583,Whiplash (SPC),SPC,13100000.0,35900000.0,2014
1584,Chef (ORF),ORF,31400000.0,14500000.0,2014
1585,Earth to Echo (Rela.),Rela.,38900000.0,6400000.0,2014
1586,Boyhood (IFC),IFC,25400000.0,19100000.0,2014
1587,Oculus (Rela.),Rela.,27700000.0,16300000.0,2014
1588,Bang Bang (FIP),FIP,2500000.0,39500000.0,2014
1589,As Above/So Below (Uni.),Uni.,21300000.0,20600000.0,2014
1590,This is Where I Leave You (WB),WB,34300000.0,7000000.0,2014
1591,That Awkward Moment (Focus),Focus,26100000.0,14400000.0,2014
1592,Frank Miller's Sin City: A Dame to Kill For (W/Dim.),W/Dim.,13800000.0,25600000.0,2014
1593,The Gambler (Par.),Par.,33700000.0,5600000.0,2014
1594,Million Dollar Arm (BV),BV,36500000.0,2800000.0,2014
1595,Nightcrawler (ORF),ORF,32400000.0,6300000.0,2014
1596,Devil's Due (Fox),Fox,15800000.0,21100000.0,2014
1597,A Most Wanted Man (RAtt.),RAtt.,17200000.0,19000000.0,2014
1598,The Best of Me (Rela.),Rela.,26800000.0,9200000.0,2014
1599,Endless Love (2014) (Uni.),Uni.,23400000.0,11300000.0,2014
1600,Get On Up (Uni.),Uni.,30700000.0,2700000.0,2014
1601,The November Man (Rela.),Rela.,25000000.0,7500000.0,2014
1602,The Pirates (WGUSA),WGUSA,416000.0,32100000.0,2014
1603,Winter's Tale (WB),WB,12600000.0,18500000.0,2014
1604,When the Game Stands Tall (TriS),TriS,30100000.0,19400000.0,2014
1605,Draft Day (LG/S),LG/S,28800000.0,620000.0,2014
1606,Big Eyes (Wein.),Wein.,14500000.0,14800000.0,2014
1607,The Divine Move (CJ),CJ,137000.0,27800000.0,2014
1608,Top Five (Par.),Par.,25300000.0,800000.0,2014
1609,Iceman (2014) (WGUSA),WGUSA,7700.0,26000000.0,2014
1610,And So It Goes (CE),CE,15200000.0,10200000.0,2014
1611,On the Other Side of the Tracks (Wein.),Wein.,9600.0,25100000.0,2014
1612,The Players (Wein.),Wein.,10900.0,24600000.0,2014
1613,The Tale of The Princess Kaguya (GK),GK,703000.0,23500000.0,2014
1614,A Haunted House 2 (ORF),ORF,17300000.0,6600000.0,2014
1615,The Railway Man (Wein.),Wein.,4400000.0,17900000.0,2014
1616,Mr. Turner (SPC),SPC,4000000.0,18200000.0,2014
1617,The Suspect (2014) (WGUSA),WGUSA,219000.0,21400000.0,2014
1618,Bears (BV),BV,17800000.0,3500000.0,2014
1619,Yves Saint Laurent (Wein.),Wein.,724000.0,20300000.0,2014
1620,Labor Day (Par.),Par.,13400000.0,6900000.0,2014
1621,"Like Father, Like Son (2014) (IFC)",IFC,335000.0,19600000.0,2014
1622,Left Behind (2014) (Free),Free,14000000.0,5700000.0,2014
1623,Legends of Oz: Dorothy's Return (CE),CE,8500000.0,10200000.0,2014
1624,The Drop (FoxS),FoxS,10700000.0,7900000.0,2014
1625,The Quiet Ones (LGF),LGF,8500000.0,9300000.0,2014
1626,Sabotage (2014) (ORF),ORF,10500000.0,7000000.0,2014
1627,Addicted (LGF),LGF,17400000.0,19400000.0,2014
1628,Road to Ninja - Naruto the Movie (Elev.),Elev.,43200.0,17300000.0,2014
1629,Calvary (FoxS),FoxS,3600000.0,13300000.0,2014
1630,The Pyramid (Fox),Fox,2800000.0,14100000.0,2014
1631,Tyler Perry's The Single Moms Club (LGF),LGF,16000000.0,364000.0,2014
1632,Beyond Outrage (Magn.),Magn.,3900.0,16200000.0,2014
1633,Before I Go To Sleep (CE),CE,3200000.0,12200000.0,2014
1634,Vampire Academy (Wein.),Wein.,7800000.0,7600000.0,2014
1635,Inherent Vice (WB),WB,8100000.0,6600000.0,2014
1636,Island of Lemurs: Madagascar (IMAX) (WB),WB,11300000.0,2800000.0,2014
1637,The Two Faces of January (Magn.),Magn.,507000.0,13000000.0,2014
1638,Fading Gigolo (MNE),MNE,3800000.0,9600000.0,2014
1639,Foxcatcher (SPC),SPC,12100000.0,19400000.0,2014
1640,A Most Violent Year (A24),A24,5700000.0,6300000.0,2014
1641,The Interview (2014) (Sony),Sony,6100000.0,5200000.0,2014
1642,One Chance (Wein.),Wein.,101000.0,10800000.0,2014
1643,Bicycling with Moliere (Strand),Strand,59900.0,10700000.0,2014
1644,Belle (FoxS),FoxS,10700000.0,19400000.0,2014
1645,Wetlands (Strand),Strand,59500.0,10500000.0,2014
1646,Moms' Night Out (TriS),TriS,10400000.0,19400000.0,2014
1647,The Babadook (IFC),IFC,964000.0,9300000.0,2014
1648,Nymphomaniac: Volume I (Magn.),Magn.,786000.0,9500000.0,2014
1649,Gladiators of Rome (VPD),VPD,8200.0,10100000.0,2014
1650,Mood Indigo (Drft.),Drft.,303000.0,9500000.0,2014
1651,Alan Partridge: The Movie (Magn.),Magn.,153000.0,9600000.0,2014
1652,Venus in Fur (IFC),IFC,374000.0,8000000.0,2014
1653,Filth (Magn.),Magn.,34400.0,8300000.0,2014
1654,What If (2014) (CBS),CBS,3500000.0,4400000.0,2014
1655,Finding Fanny (FIP),FIP,616000.0,7100000.0,2014
1656,Pride (2014) (CBS),CBS,1400000.0,6100000.0,2014
1657,Chinese Puzzle (Cohen),Cohen,339000.0,7100000.0,2014
1658,A Long Way Down (Magn.),Magn.,13300.0,7200000.0,2014
1660,"Two Days, One Night (IFC)",IFC,1400000.0,5400000.0,2014
1661,A Letter to Momo (GK),GK,71700.0,6700000.0,2014
1662,Cantinflas (LGF),LGF,6400000.0,19400000.0,2014
1663,Le Chef (Cohen),Cohen,343000.0,5900000.0,2014
1664,Mas Negro Que La Noche (LGF),LGF,870000.0,5200000.0,2014
1665,French Gigolo (Cliente) (IFC),IFC,3000.0,6000000.0,2014
1666,The Trip to Italy (IFC),IFC,2900000.0,3000000.0,2014
1667,The Immigrant (Wein.),Wein.,2000000.0,3800000.0,2014
1668,Wish I Was Here (Focus),Focus,3600000.0,1900000.0,2014
1669,Under the Skin (2014) (A24),A24,2600000.0,2800000.0,2014
1670,The Skeleton Twins (RAtt.),RAtt.,5300000.0,19400000.0,2014
1671,The French Minister (IFC),IFC,12000.0,5100000.0,2014
1672,Ernest & Celestine (GK),GK,262000.0,4800000.0,2014
1673,Tracks (2014) (Wein.),Wein.,510000.0,4400000.0,2014
1674,The Love Punch (KE),KE,267000.0,4500000.0,2014
1675,Dear White People (RAtt.),RAtt.,4400000.0,19400000.0,2014
1676,The Lunchbox (SPC),SPC,4200000.0,19400000.0,2014
1677,My Old Lady (Cohen),Cohen,4000000.0,19400000.0,2014
1678,Diplomacy (Zeit.),Zeit.,231000.0,3700000.0,2014
1679,Horns (RTWC),RTWC,174000.0,3700000.0,2014
1680,Ida (MBox),MBox,3800000.0,19400000.0,2014
1682,Ragnarok (Magn.),Magn.,1400.0,3700000.0,2014
1683,Veronica Mars (WB),WB,3300000.0,195000.0,2014
1684,Mommy (RAtt.),RAtt.,3500000.0,19400000.0,2014
1686,The Grand Seduction (EOne),EOne,3400000.0,19400000.0,2014
1687,Enemy (A24),A24,1000000.0,2400000.0,2014
1688,Words and Pictures (RAtt.),RAtt.,2200000.0,1200000.0,2014
1689,The Protector 2 (Magn.),Magn.,2500.0,3300000.0,2014
1690,The Rover (A24),A24,1100000.0,2100000.0,2014
1691,The Mystery of Happiness (Strand),Strand,8500.0,3200000.0,2014
1692,Rosewater (ORF),ORF,3100000.0,19400000.0,2014
1693,Obvious Child (A24),A24,3100000.0,19400000.0,2014
1694,The German Doctor (Gold.),Gold.,418000.0,2600000.0,2014
1695,Citizenfour (RTWC),RTWC,2800000.0,202000.0,2014
1696,A Coffee in Berlin (MBox),MBox,150000.0,2600000.0,2014
1697,The Good Lie (WB),WB,2700000.0,19400000.0,2014
1698,The Raid 2 (SPC),SPC,2600000.0,19400000.0,2014
1699,Living is Easy with Eyes Closed (Outs),Outs,11600.0,2600000.0,2014
1700,A Five Star Life (MBox),MBox,307000.0,2200000.0,2014
1701,Kick (UTV),UTV,2500000.0,19400000.0,2014
1702,Kill the Messenger (Focus),Focus,2500000.0,19400000.0,2014
1703,The Homesman (Saban),Saban,2400000.0,19400000.0,2014
1704,Blood Ties (2014) (RAtt.),RAtt.,42500.0,2400000.0,2014
1705,The Guest (2014) (PH),PH,333000.0,2000000.0,2014
1706,Life of Riley (KL),KL,11600.0,2300000.0,2014
1707,Ode to My Father (CJ),CJ,2300000.0,19400000.0,2014
1708,Love is Strange (SPC),SPC,2300000.0,19400000.0,2014
1709,Marius (KL),KL,9800.0,2200000.0,2014
1710,"Men, Women & Children (Par.)",Par.,706000.0,1500000.0,2014
1711,2 States (UTV),UTV,2200000.0,19400000.0,2014
1712,Nymphomaniac: Volume II (Magn.),Magn.,327000.0,1900000.0,2014
1713,Le Week-End (MBox),MBox,2200000.0,19400000.0,2014
1714,Gloria (2014) (RAtt.),RAtt.,2100000.0,19400000.0,2014
1715,"20,000 Days on Earth (Drft.)",Drft.,280000.0,1800000.0,2014
1716,Only Lovers Left Alive (SPC),SPC,1900000.0,19400000.0,2014
1717,Tusk (A24),A24,1800000.0,19400000.0,2014
1718,Awake: The Life of Yogananda (CF&SR),CF&SR,1500000.0,19400000.0,2014
1719,Fed Up (RTWC),RTWC,1500000.0,19400000.0,2014
1720,Finding Vivian Maier (IFC),IFC,1500000.0,19400000.0,2014
1721,Make Your Move (HTR),HTR,125000.0,1300000.0,2014
1722,Bright Days Ahead (Trib.),Trib.,21800.0,1400000.0,2014
1723,Locke (A24),A24,1400000.0,19400000.0,2014
1724,Force Majeure (Magn.),Magn.,1400000.0,19400000.0,2014
1725,Postman Pat: The Movie (Shout!),Shout!,1500.0,1300000.0,2014
1726,Just a Sigh (Distrib.),Distrib.,75500.0,1200000.0,2014
1727,Jai Ho (Eros),Eros,1300000.0,19400000.0,2014
1728,For a Woman (FM),FM,32299.0,1200000.0,2014
1729,Singham Returns (Eros),Eros,1200000.0,19400000.0,2014
1730,Why Don't You Play in Hell (Drft.),Drft.,28500.0,1200000.0,2014
1731,The Remaining (Triu),Triu,1200000.0,19400000.0,2014
1732,The Way He Looks (Strand),Strand,101000.0,1100000.0,2014
1733,Ilo Ilo (FM),FM,56800.0,1100000.0,2014
1734,Hector And The Search For Happiness (Rela.),Rela.,1100000.0,19400000.0,2014
1735,Leviathan (2014) (SPC),SPC,1100000.0,19400000.0,2014
1736,The Captive (A24),A24,1100000.0,19400000.0,2014
1737,Laggies (A24),A24,1100000.0,19400000.0,2014
1738,Jackpot (DR),DR,800.0,1100000.0,2014
1740,Haider (UTV),UTV,1000000.0,19400000.0,2014
1741,Third Person (SPC),SPC,1000000.0,19400000.0,2014
1742,Borgman (Drft.),Drft.,57500.0,952000.0,2014
1743,The Disappearance of Eleanor Rigby (Wein.),Wein.,588000.0,397000.0,2014
1744,Shaadi Ke Side Effects (Eros),Eros,921000.0,19400000.0,2014
1745,Song of the Sea (GK),GK,858000.0,19400000.0,2014
1746,Kochadaiiyaan (Eros),Eros,817000.0,19400000.0,2014
1747,Age of Uprising: The Legend of Michael Kohlhaas (U.S. only) (MBox),MBox,3300.0,797000.0,2014
1748,The Zero Theorem (Ampl.),Ampl.,258000.0,513000.0,2014
1749,Palo Alto (Trib.),Trib.,768000.0,19400000.0,2014
1750,Ek Villain (Eros),Eros,731000.0,19400000.0,2014
1751,Khoobsurat (UTV),UTV,711000.0,19400000.0,2014
1752,Holiday (2014) (Relbig.),Relbig.,707000.0,19400000.0,2014
1753,Hasee Toh Phasee (Relbig.),Relbig.,646000.0,19400000.0,2014
1754,Frank (Magn.),Magn.,645000.0,19400000.0,2014
1755,Mary Kom (Eros),Eros,621000.0,19400000.0,2014
1756,The Signal (2014) (Focus),Focus,601000.0,19400000.0,2014
1757,Back in Time (Congcong Nanian) (CL),CL,569000.0,19400000.0,2014
1758,Highway (2014) (UTV),UTV,529000.0,19400000.0,2014
1759,Dom Hemingway (FoxS),FoxS,524000.0,19400000.0,2014
1760,The One I Love (RTWC),RTWC,513000.0,19400000.0,2014
1761,Archipelago (KL),KL,7800.0,492000.0,2014
1762,A Girl Walks Home Alone at Night (KL),KL,492000.0,19400000.0,2014
1763,The Congress (Drft.),Drft.,138000.0,318000.0,2014
1764,In Secret (RAtt.),RAtt.,444000.0,19400000.0,2014
1765,Bjork - Biophilia Live (CP),CP,128000.0,306000.0,2014
1766,But Always (Yi Sheng Yi Shi) (CL),CL,431000.0,19400000.0,2014
1767,Beijing Love Story (CL),CL,428000.0,19400000.0,2014
1768,Goodbye to Language (KL),KL,390000.0,19400000.0,2014
1769,Humpty Sharma Ki Dulhania (Relbig.),Relbig.,380000.0,19400000.0,2014
1770,Women Who Flirt (Sajiao Nvren) (CL),CL,375000.0,19400000.0,2014
1771,Joe (2014) (RAtt.),RAtt.,373000.0,19400000.0,2014
1772,Omar (AF),AF,356000.0,19400000.0,2014
1773,The Face of Love (IFC),IFC,350000.0,19400000.0,2014
1774,Jimi: All Is By My Side (XL),XL,341000.0,19400000.0,2014
1775,I Origins (FoxS),FoxS,336000.0,19400000.0,2014
1776,The Last Sentence (MBox),MBox,62500.0,265000.0,2014
1777,On My Way (Cohen),Cohen,317000.0,19400000.0,2014
1778,Happy Ending (Eros),Eros,314000.0,19400000.0,2014
1779,I Am Eleven (Proud),Proud,310000.0,19400000.0,2014
1780,7 Boxes (BGP),BGP,38100.0,267000.0,2014
1781,The Dance of Reality (Abk.),Abk.,294000.0,19400000.0,2014
1782,Elsa & Fred (2014) (MNE),MNE,286000.0,19400000.0,2014
1783,Main Tera Hero (Eros),Eros,275000.0,19400000.0,2014
1784,Night Moves (Cdgm.),Cdgm.,272000.0,19400000.0,2014
1785,Love on the Cloud (Wei Ai) (CL),CL,272000.0,19400000.0,2014
1786,Life of Crime (RAtt.),RAtt.,265000.0,19400000.0,2014
1787,The Green Prince (MBox),MBox,258000.0,19400000.0,2014
1788,Action Jackson (2014) (Eros),Eros,257000.0,19400000.0,2014
1789,The Blue Room (IFC),IFC,255000.0,19400000.0,2014
1790,Tazza: The Hidden Card (CJ),CJ,252000.0,19400000.0,2014
1791,James Cameron's Deepsea Challenge 3D (DLA),DLA,236000.0,19400000.0,2014
1792,Gabrielle (2014) (EOne),EOne,5500.0,222000.0,2014
1793,The Breakup Guru (CL),CL,209000.0,19400000.0,2014
1794,Bethlehem (AF),AF,202000.0,19400000.0,2014
1795,The Double (2014) (Magn.),Magn.,200000.0,19400000.0,2014
1796,Listen Up Philip (Trib.),Trib.,200000.0,19400000.0,2014
1797,We Are The Best! (Magn.),Magn.,181000.0,19400000.0,2014
1798,That Demon Within (CL),CL,172000.0,19400000.0,2014
1799,God's Pocket (IFC),IFC,170000.0,19400000.0,2014
1800,Unrelated (KL),KL,4500.0,154000.0,2014
1801,The Polar Express (2014 re-issue) (WB),WB,139000.0,19400000.0,2014
1802,May in the Summer (Cohen),Cohen,22000.0,112000.0,2014
1803,The Jewish Cardinal (FM),FM,134000.0,19400000.0,2014
1804,Zero Motivation (Zeit.),Zeit.,116000.0,19400000.0,2014
1805,Life's a Breeze (Magn.),Magn.,3500.0,99700.0,2014
1806,The Golden Era (CL),CL,103000.0,19400000.0,2014
1807,God Help the Girl (Ampl.),Ampl.,103000.0,19400000.0,2014
1808,The Best Offer (IFC),IFC,100000.0,19400000.0,2014
1809,Child's Pose (Zeit.),Zeit.,97200.0,19400000.0,2014
1810,Cuban Fury (EOne),EOne,92400.0,19400000.0,2014
1811,Girl on a Bicycle (Mont.),Mont.,91400.0,19400000.0,2014
1812,Breathe In (Cohen),Cohen,89700.0,19400000.0,2014
1813,Life After Beth (A24),A24,88300.0,19400000.0,2014
1814,Advanced Style (B360),B360,87900.0,19400000.0,2014
1815,Better Living Through Chemistry (Gold.),Gold.,75100.0,19400000.0,2014
1816,For No Good Reason (SPC),SPC,67400.0,19400000.0,2014
1817,The Notebook (2014) (SPC),SPC,66600.0,19400000.0,2014
1818,Heropanti (UTV),UTV,63600.0,19400000.0,2014
1819,No Tears for the Dead (CJ),CJ,63100.0,19400000.0,2014
1820,Young and Beautiful (IFC),IFC,61100.0,19400000.0,2014
1821,Siddharth (Zeit.),Zeit.,60500.0,19400000.0,2014
1822,Walk of Shame (FCW),FCW,59200.0,19400000.0,2014
1823,The Conformist (2014 re-release) (KL),KL,58700.0,19400000.0,2014
1824,Rudderless (Gold.),Gold.,58300.0,19400000.0,2014
1825,The Rocket (2014) (KL),KL,56800.0,19400000.0,2014
1826,In Bloom (BWP),BWP,56100.0,19400000.0,2014
1827,Starred Up (Trib.),Trib.,54900.0,19400000.0,2014
1828,Half of a Yellow Sun (Mont.),Mont.,54500.0,19400000.0,2014
1829,Hateship Loveship (IFC),IFC,54000.0,19400000.0,2014
1830,"1,000 Times Good Night (FM)",FM,53900.0,19400000.0,2014
1831,The Missing Picture (Strand),Strand,52200.0,19400000.0,2014
1832,Decoding Annie Parker (EOne),EOne,48400.0,19400000.0,2014
1833,Alphaville (2013 re-release) (Rialto),Rialto,47700.0,19400000.0,2014
1834,Return to The Hiding Place (SEA),SEA,45400.0,19400000.0,2014
1835,Policeman (Crnth),Crnth,11300.0,27000.0,2014
1836,White Bird in a Blizzard (Magn.),Magn.,33800.0,19400000.0,2014
1837,The Hero of Color City (Magn.),Magn.,32200.0,19400000.0,2014
1838,Bird People (IFC),IFC,32100.0,19400000.0,2014
1839,Closed Curtain (Vari.),Vari.,28100.0,19400000.0,2014
1840,Lilting (Strand),Strand,27100.0,19400000.0,2014
1841,Adult World (IFC),IFC,25400.0,19400000.0,2014
1842,A Tale of Winter (Conte d'hiver) (BWP),BWP,23300.0,19400000.0,2014
1843,The Decent One (KL),KL,21300.0,19400000.0,2014
1844,Guardian Angel (RME),RME,19500.0,19400000.0,2014
1845,Tasting Menu (Magn.),Magn.,18700.0,19400000.0,2014
1846,Two Night Stand (EOne),EOne,18600.0,19400000.0,2014
1847,Burning Bush (KL),KL,16700.0,19400000.0,2014
1848,Horses of God (KL),KL,14800.0,19400000.0,2014
1849,13 Sins (RTWC),RTWC,13800.0,19400000.0,2014
1850,Camp X-Ray (IFC),IFC,13300.0,19400000.0,2014
1851,Special ID (WGUSA),WGUSA,12700.0,19400000.0,2014
1852,Wolves (KE),KE,12100.0,19400000.0,2014
1853,Falcon Rising (Free),Free,11800.0,19400000.0,2014
1854,You're Not You (EOne),EOne,11500.0,19400000.0,2014
1855,The Amazing Catfish (Strand),Strand,11300.0,19400000.0,2014
1856,Stray Dogs (CGld),CGld,10400.0,19400000.0,2014
1857,Canopy (Mont.),Mont.,8500.0,19400000.0,2014
1858,Love is in the Air (FCW),FCW,8400.0,19400000.0,2014
1859,Empty Hours (Strand),Strand,8200.0,19400000.0,2014
1860,Rigor Mortis (WGUSA),WGUSA,7900.0,19400000.0,2014
1861,The Little Bedroom (CLS),CLS,7400.0,19400000.0,2014
1863,Very Good Girls (WGUSA),WGUSA,6900.0,19400000.0,2014
1864,Pioneer (Magn.),Magn.,6900.0,19400000.0,2014
1865,Life of a King (MNE),MNE,6500.0,19400000.0,2014
1866,The Strange Little Cat (KS),KS,5900.0,19400000.0,2014
1867,"2 Autumns, 3 Winters (FM)",FM,5800.0,19400000.0,2014
1868,The Devil's Hand (RAtt.),RAtt.,5700.0,19400000.0,2014
1869,Anna (VE),VE,4300.0,19400000.0,2014
1870,Open Windows (Cdgm.),Cdgm.,1800.0,19400000.0,2014
1871,Mr. Pip (Free),Free,1700.0,19400000.0,2014
1872,Star Wars: The Force Awakens (BV),BV,936700000.0,1131.6,2015
1873,Jurassic World (Uni.),Uni.,652300000.0,1019.4,2015
1874,Furious 7 (Uni.),Uni.,353000000.0,1163.0,2015
1875,Avengers: Age of Ultron (BV),BV,459000000.0,946400000.0,2015
1876,Minions (Uni.),Uni.,336000000.0,823400000.0,2015
1877,Spectre (Sony),Sony,200100000.0,680600000.0,2015
1878,Inside Out (BV),BV,356500000.0,501100000.0,2015
1879,Mission: Impossible - Rogue Nation (Par.),Par.,195000000.0,487700000.0,2015
1880,The Hunger Games: Mockingjay - Part 2 (LGF),LGF,281700000.0,371700000.0,2015
1881,The Martian (Fox),Fox,228400000.0,401700000.0,2015
1882,Fifty Shades of Grey (Uni.),Uni.,166200000.0,404800000.0,2015
1883,Cinderella (2015) (BV),BV,201200000.0,342400000.0,2015
1884,The Revenant (Fox),Fox,183600000.0,349300000.0,2015
1885,Ant-Man (BV),BV,180200000.0,339100000.0,2015
1886,Hotel Transylvania 2 (Sony),Sony,169700000.0,305100000.0,2015
1887,San Andreas (WB (NL)),WB (NL),155200000.0,318800000.0,2015
1888,Terminator: Genisys (Par.),Par.,89800000.0,350800000.0,2015
1889,Kingsman: The Secret Service (Fox),Fox,128300000.0,286100000.0,2015
1890,Home (2015) (Fox),Fox,177400000.0,208600000.0,2015
1891,Mad Max: Fury Road (WB),WB,153600000.0,224800000.0,2015
1892,The Good Dinosaur (BV),BV,123100000.0,209100000.0,2015
1893,Taken 3 (Fox),Fox,89300000.0,237200000.0,2015
1894,The SpongeBob Movie: Sponge Out of Water (Par.),Par.,163000000.0,162200000.0,2015
1895,Maze Runner: The Scorch Trials (Fox),Fox,81700000.0,230600000.0,2015
1896,The Divergent Series: Insurgent (LG/S),LG/S,130199999.0,167100000.0,2015
1897,Pitch Perfect 2 (Uni.),Uni.,184300000.0,103200000.0,2015
1898,Paddington (W/Dim.),W/Dim.,76300000.0,191800000.0,2015
1899,Mojin: The Lost Legend (WGUSA),WGUSA,1200000.0,258100000.0,2015
1900,Lost in Hong Kong (WGUSA),WGUSA,1300000.0,255000000.0,2015
1901,The Peanuts Movie (Fox),Fox,130199999.0,116100000.0,2015
1902,Pixels (Sony),Sony,78700000.0,166100000.0,2015
1903,Daddy's Home (Par.),Par.,150400000.0,92400000.0,2015
1904,Spy (Fox),Fox,110800000.0,124800000.0,2015
1905,Alvin and the Chipmunks: The Road Chip (Fox),Fox,85900000.0,148900000.0,2015
1906,Goodbye Mr. Loser (CL),CL,1300000.0,226800000.0,2015
1907,Ted 2 (Uni.),Uni.,81500000.0,135200000.0,2015
1908,Tomorrowland (BV),BV,93400000.0,115700000.0,2015
1909,Everest (2015) (Uni.),Uni.,43500000.0,159900000.0,2015
1910,Straight Outta Compton (Uni.),Uni.,161200000.0,40400000.0,2015
1911,The Intern (WB),WB,75800000.0,118800000.0,2015
1912,Jupiter Ascending (WB),WB,47400000.0,136600000.0,2015
1913,Creed (WB (NL)),WB (NL),109800000.0,63800000.0,2015
1914,Fantastic Four (Fox),Fox,56100000.0,111900000.0,2015
1915,Bridge of Spies (BV),BV,72300000.0,93200000.0,2015
1916,Focus (2015) (WB),WB,53900000.0,105200000.0,2015
1917,The Hateful Eight (Wein.),Wein.,54100000.0,101600000.0,2015
1918,Goosebumps (Sony),Sony,80100000.0,70100000.0,2015
1919,The Last Witch Hunter (LG/S),LG/S,27400000.0,119600000.0,2015
1920,The Taking of Tiger Mountain (WGUSA),WGUSA,229000.0,141400000.0,2015
1921,Trainwreck (Uni.),Uni.,110200000.0,30600000.0,2015
1922,Mr. Six (CL),CL,1400000.0,137800000.0,2015
1923,Point Break (2015) (WB),WB,28800000.0,104900000.0,2015
1924,The Big Short (Par.),Par.,70300000.0,63200000.0,2015
1925,Pan (WB),WB,35100000.0,93300000.0,2015
1926,Wolf Totem (Sony),Sony,211000.0,125600000.0,2015
1927,Magic Mike XXL (WB),WB,66000000.0,56500000.0,2015
1928,Dragon Blade (LGP),LGP,74100.0,121500000.0,2015
1929,Seventh Son (Uni.),Uni.,17200000.0,97000000.0,2015
1930,Insidious Chapter 3 (Focus),Focus,52200000.0,60800000.0,2015
1931,Get Hard (WB),WB,90400000.0,21400000.0,2015
1932,The Man From U.N.C.L.E. (WB),WB,45400000.0,64400000.0,2015
1933,Paul Blart: Mall Cop 2 (Sony),Sony,71000000.0,36600000.0,2015
1934,Shaun the Sheep Movie (LGF),LGF,19400000.0,86800000.0,2015
1935,Sisters (Uni.),Uni.,87000000.0,18000000.0,2015
1936,Vacation (WB (NL)),WB (NL),58900000.0,46000000.0,2015
1937,Chappie (Sony),Sony,31600000.0,70500000.0,2015
1938,Joy (Fox),Fox,56500000.0,44700000.0,2015
1939,Black Mass (WB),WB,62600000.0,37200000.0,2015
1940,Devil and Angel (E Gun Tian Shi) (CL),CL,131000.0,98500000.0,2015
1941,The Visit (Uni.),Uni.,65200000.0,33200000.0,2015
1942,Spotlight (ORF),ORF,45100000.0,53200000.0,2015
1943,Poltergeist (2015) (Fox),Fox,47400000.0,48000000.0,2015
1944,In the Heart of the Sea (WB),WB,25000000.0,68900000.0,2015
1945,Southpaw (Wein.),Wein.,52400000.0,39500000.0,2015
1946,The Second Best Exotic Marigold Hotel (FoxS),FoxS,33100000.0,52900000.0,2015
1947,Paper Towns (Fox),Fox,32000000.0,53500000.0,2015
1948,Sicario (LGF),LGF,46900000.0,38000000.0,2015
1949,Hitman: Agent 47 (Fox),Fox,22500000.0,59900000.0,2015
1950,The Wedding Ringer (SGem),SGem,64500000.0,15300000.0,2015
1951,Paranormal Activity: The Ghost Dimension (Par.),Par.,18300000.0,60600000.0,2015
1952,Crimson Peak (Uni.),Uni.,31100000.0,43600000.0,2015
1953,The Transporter Refueled (EC),EC,16000000.0,56600000.0,2015
1954,Run All Night (WB),WB,26500000.0,45200000.0,2015
1955,War Room (TriS),TriS,67800000.0,19400000.0,2015
1956,The Age of Adaline (LGF),LGF,42600000.0,23000000.0,2015
1957,The Danish Girl (Focus),Focus,11100000.0,53100000.0,2015
1958,Unfriended (Uni.),Uni.,32500000.0,31600000.0,2015
1959,The Longest Ride (Fox),Fox,37400000.0,25500000.0,2015
1960,Brooklyn (FoxS),FoxS,38300000.0,23800000.0,2015
1961,Dragon Ball Z: Resurrection 'F' (FUN),FUN,8000000.0,53800000.0,2015
1962,Woman in Gold (Wein.),Wein.,33299999.0,28300000.0,2015
1963,Krampus (Uni.),Uni.,42700000.0,18800000.0,2015
1964,The Walk (TriS),TriS,10100000.0,51000000.0,2015
1965,The Perfect Guy (SGem),SGem,57000000.0,3200000.0,2015
1966,The Gift (2015) (STX),STX,43800000.0,15200000.0,2015
1967,No Escape (Wein.),Wein.,27300000.0,27100000.0,2015
1968,Sinister 2 (Focus),Focus,27700000.0,25100000.0,2015
1969,Prem Ratan Dhan Payo (FIP),FIP,4400000.0,48200000.0,2015
1970,The Boy Next Door (Uni.),Uni.,35400000.0,17000000.0,2015
1971,The Night Before (Sony),Sony,43000000.0,9300000.0,2015
1972,Hot Pursuit (WB (NL)),WB (NL),34600000.0,17100000.0,2015
1973,The 100-Year Old Man Who Climbed Out the Window and Disappeared (MBox),MBox,944000.0,50200000.0,2015
1974,The Himalayas (CJ),CJ,697000.0,49800000.0,2015
1976,Entourage (WB),WB,32400000.0,16900000.0,2015
1977,The Woman in Black 2: Angel of Death (Rela.),Rela.,26500000.0,22400000.0,2015
1978,Concussion (2015) (Sony),Sony,34500000.0,14100000.0,2015
1979,Mortdecai (LGF),LGF,7700000.0,39600000.0,2015
1980,Coming Home (2015) (SPC),SPC,378000.0,46400000.0,2015
1981,"McFarland, USA (BV)",BV,44500000.0,1200000.0,2015
1982,Max (2015) (WB),WB,42700000.0,1300000.0,2015
1983,Still Alice (SPC),SPC,18800000.0,25100000.0,2015
1984,The DUFF (LGF),LGF,34000000.0,9500000.0,2015
1985,Legend (Uni.),Uni.,1900000.0,41100000.0,2015
1986,The Gallows (WB (NL)),WB (NL),22800000.0,20200000.0,2015
1987,Love the Coopers (LGF),LGF,26300000.0,16100000.0,2015
1988,The Lady in the Van (SPC),SPC,10000000.0,31400000.0,2015
1989,Ricki and the Flash (TriS),TriS,26800000.0,14500000.0,2015
1990,Carol (Wein.),Wein.,12700000.0,27600000.0,2015
1991,The Lazarus Effect (Rela.),Rela.,25800000.0,12600000.0,2015
1992,The Water Diviner (WB),WB,4200000.0,34000000.0,2015
1993,A Walk in the Woods (BG),BG,29500000.0,8000000.0,2015
1994,Ex Machina (A24),A24,25400000.0,11400000.0,2015
1995,Burnt (Wein.),Wein.,13700000.0,23000000.0,2015
1996,Room (A24),A24,14700000.0,20700000.0,2015
1997,The Secret in their Eyes (2015) (STX),STX,20200000.0,14700000.0,2015
1998,Steve Jobs (Uni.),Uni.,17800000.0,16700000.0,2015
1999,Victor Frankenstein (Fox),Fox,5800000.0,28500000.0,2015
2000,Project Almanac (Par.),Par.,22300000.0,10900000.0,2015
2001,Self/Less (Focus),Focus,12300000.0,18200000.0,2015
2002,Far from the Madding Crowd (FoxS),FoxS,12200000.0,18000000.0,2015
2003,Mr. Holmes (RAtt.),RAtt.,17700000.0,11600000.0,2015
2004,Love & Mercy (RAtt.),RAtt.,12600000.0,16100000.0,2015
2005,Irrational Man (SPC),SPC,4000000.0,23400000.0,2015
2006,American Ultra (LGF),LGF,14400000.0,12700000.0,2015
2007,Wild Tales (SPC),SPC,3100000.0,23900000.0,2015
2008,Aloha (Sony),Sony,21100000.0,5200000.0,2015
2009,"Love, Rosie (TFA)",TFA,20400.0,25600000.0,2015
2010,The 33 (WB),WB,12200000.0,12700000.0,2015
2011,Capture the Flag (Par.),Par.,6700.0,24600000.0,2015
2012,The Gunman (ORF),ORF,10700000.0,13500000.0,2015
2013,Go Away Mr. Tumor (CL),CL,287000.0,21500000.0,2015
2014,Black or White (Rela.),Rela.,21600000.0,19400000.0,2015
2015,Blackhat (Uni.),Uni.,8000000.0,11600000.0,2015
2016,Dope (ORF),ORF,17500000.0,480000.0,2015
2017,Brothers: Blood Against Blood (FIP),FIP,614000.0,17200000.0,2015
2018,While We're Young (A24),A24,7600000.0,9700000.0,2015
2019,Monkey Kingdom (BV),BV,16399999.0,711000.0,2015
2020,Macbeth (2015) (Wein.),Wein.,1100000.0,15200000.0,2015
2021,Scouts Guide to the Zombie Apocalypse (Par.),Par.,3700000.0,12400000.0,2015
2022,Suffragette (Focus),Focus,4700000.0,11300000.0,2015
2023,It Follows (RTWC),RTWC,14700000.0,19400000.0,2015
2024,Unfinished Business (Fox),Fox,10200000.0,4200000.0,2015
2025,Do You Believe? (PFR),PFR,13000000.0,1400000.0,2015
2026,Woodlawn (PFR),PFR,14400000.0,19400000.0,2015
2027,Strange Magic (BV),BV,12400000.0,1200000.0,2015
2028,Hot Tub Time Machine 2 (Par.),Par.,12300000.0,767000.0,2015
2029,Child 44 (LG/S),LG/S,1200000.0,11700000.0,2015
2030,We Are Your Friends (WB),WB,3600000.0,7500000.0,2015
2031,Danny Collins (BST),BST,5600000.0,5200000.0,2015
2032,Kung Fu Killer (WGUSA),WGUSA,130000.0,10000000.0,2015
2033,A Little Chaos (FCW),FCW,558000.0,9500000.0,2015
2034,The Loft (ORF),ORF,6000000.0,4099999.0,2015
2035,The Young & Prodigious T.S. Spivet (Wein.),Wein.,174000.0,9300000.0,2015
2036,Shanghai (Wein.),Wein.,46400.0,9200000.0,2015
2037,Un Gallo con Muchos Huevos (LGF),LGF,9100000.0,19400000.0,2015
2038,Me and Earl and the Dying Girl (FoxS),FoxS,6800000.0,2300000.0,2015
2039,Amy (A24),A24,8400000.0,19400000.0,2015
2040,Shaandaar (FIP),FIP,522000.0,7800000.0,2015
2041,Trumbo (2015) (BST),BST,7900000.0,378000.0,2015
2042,Bajrangi Bhaijaan (Eros),Eros,8199999.0,19400000.0,2015
2043,I'll See You In My Dreams (BST),BST,7400000.0,19400000.0,2015
2044,The Green Inferno (BH Tilt),BH Tilt,7200000.0,19400000.0,2015
2045,Grandma (2015) (SPC),SPC,7000000.0,107000.0,2015
2046,Our Brand Is Crisis (2015) (WB),WB,7000000.0,19400000.0,2015
2047,Baahubali: The Beginning (BSC),BSC,6700000.0,19400000.0,2015
2048,Bajirao Mastani (Eros),Eros,6600000.0,19400000.0,2015
2049,Little Boy (ORF),ORF,6500000.0,19400000.0,2015
2050,What We Do in the Shadows (U/P),U/P,3500000.0,2800000.0,2015
2051,Anomalisa (Par.),Par.,3800000.0,1900000.0,2015
2052,Pawn Sacrifice (BST),BST,2400000.0,3100000.0,2015
2053,Serena (Magn.),Magn.,176000.0,4900000.0,2015
2054,Mr. X (FIP),FIP,45000.0,5000000.0,2015
2055,Dilwale (UTV),UTV,4900000.0,19400000.0,2015
2056,Back to the Future Day (UHE),UHE,1700000.0,3200000.0,2015
2057,Trash (FCW),FCW,17500.0,4800000.0,2015
2058,True Story (FoxS),FoxS,4700000.0,19400000.0,2015
2059,"Buen Dia, Ramon (FIP)",FIP,154000.0,4500000.0,2015
2060,Hamari Adhuri Kahani (FIP),FIP,235000.0,4200000.0,2015
2061,45 Years (IFC),IFC,4200000.0,19400000.0,2015
2062,Escobar: Paradise Lost (RTWC),RTWC,196000.0,3600000.0,2015
2063,Spare Parts (LGF),LGF,3600000.0,19400000.0,2015
2064,Learning to Drive (BG),BG,3400000.0,19400000.0,2015
2065,By the Sea (Uni.),Uni.,538000.0,2800000.0,2015
2066,Sleeping with Other People (IFC),IFC,819000.0,2400000.0,2015
2067,Phoenix (2015) (IFC),IFC,3200000.0,19400000.0,2015
2068,Jimmy's Hall (SPC),SPC,561000.0,2600000.0,2015
2069,Dil Dhadakne Do (Eros),Eros,3100000.0,19400000.0,2015
2070,Ladrones (LGF),LGF,3100000.0,19400000.0,2015
2071,Remember (Canada Release) (EOne),EOne,547000.0,2500000.0,2015
2072,Tanu Weds Manu Returns (Eros),Eros,3000000.0,19400000.0,2015
2073,Rock The Kasbah (ORF),ORF,3000000.0,19400000.0,2015
2074,The End of the Tour (A24),A24,3000000.0,19400000.0,2015
2075,Captive (2015) (Par.),Par.,2600000.0,218000.0,2015
2076,He Named Me Malala (FoxS),FoxS,2700000.0,97100.0,2015
2077,Youth (FoxS),FoxS,2700000.0,19400000.0,2015
2078,Chi-Raq (RAtt.),RAtt.,2700000.0,19400000.0,2015
2079,Truth (SPC),SPC,2500000.0,19400000.0,2015
2080,Mistress America (FoxS),FoxS,2500000.0,19400000.0,2015
2081,Jem and the Holograms (Uni.),Uni.,2200000.0,149000.0,2015
2082,Beloved Sisters (MBox),MBox,54000.0,2200000.0,2015
2083,The Riot Club (IFC),IFC,7700.0,2100000.0,2015
2084,Tamasha (UTV),UTV,2100000.0,19400000.0,2015
2085,Cake (CLF),CLF,2000000.0,19400000.0,2015
2086,Assassination (2015) (WGUSA),WGUSA,1900000.0,19400000.0,2015
2087,Clouds of Sils Maria (IFC),IFC,1900000.0,19400000.0,2015
2088,Testament of Youth (SPC),SPC,1800000.0,19400000.0,2015
2089,Piku (Yash),Yash,1800000.0,19400000.0,2015
2090,The Vatican Tapes (LGF),LGF,1800000.0,19400000.0,2015
2091,Son of Saul (SPC),SPC,1800000.0,19400000.0,2015
2092,Janis: Little Girl Blue (FR),FR,410000.0,1200000.0,2015
2093,'71 (RAtt.),RAtt.,1300000.0,355000.0,2015
2094,The Diary of a Teenage Girl (SPC),SPC,1500000.0,19400000.0,2015
2095,I (2015) (AaF),AaF,1400000.0,19400000.0,2015
2096,Infinitely Polar Bear (SPC),SPC,1400000.0,19400000.0,2015
2097,99 Homes (BG),BG,1400000.0,19400000.0,2015
2098,Welcome Back (Eros),Eros,1400000.0,19400000.0,2015
2099,The Salt of the Earth (SPC),SPC,1300000.0,19400000.0,2015
2100,Maps to the Stars (FCW),FCW,351000.0,988000.0,2015
2101,Iris (2015) (Magn.),Magn.,1300000.0,19400000.0,2015
2102,The Wolfpack (Magn.),Magn.,1300000.0,19400000.0,2015
2103,Veteran (CJ),CJ,1200000.0,19400000.0,2015
2104,Goodnight Mommy (RTWC),RTWC,1200000.0,19400000.0,2015
2105,Black Sea (Focus),Focus,1200000.0,19400000.0,2015
2106,Miss You Already (RAtt.),RAtt.,1200000.0,19400000.0,2015
2107,Where Hope Grows (RAtt.),RAtt.,1200000.0,19400000.0,2015
2108,Cartel Land (Orch.),Orch.,704000.0,422000.0,2015
2109,Timbuktu (Cohen),Cohen,1100000.0,19400000.0,2015
2110,Dior and I (Orch.),Orch.,1000000.0,19400000.0,2015
2111,5 Flights Up (FCW),FCW,1000000.0,19400000.0,2015
2112,Big Stone Gap (PH),PH,1000000.0,19400000.0,2015
2113,Gett: The Trial of Viviane Amsalem (MBox),MBox,988000.0,19400000.0,2015
2114,Boruto: Naruto the Movie (Elev.),Elev.,920000.0,19400000.0,2015
2115,Singh is Bling (Eros),Eros,919000.0,19400000.0,2015
2116,ABCD (Any Body Can Dance) 2 (UTV),UTV,892000.0,19400000.0,2015
2117,Mustang (Cohen),Cohen,845000.0,19400000.0,2015
2118,Labyrinth of Lies (SPC),SPC,794000.0,19400000.0,2015
2119,The D Train (IFC),IFC,673000.0,102000.0,2015
2120,Seymour: An Introduction (IFC),IFC,744000.0,19400000.0,2015
2121,Tangerine (Magn.),Magn.,702000.0,19400000.0,2015
2122,Red Army (SPC),SPC,695000.0,19400000.0,2015
2123,The Stanford Prison Experiment (IFC),IFC,661000.0,19400000.0,2015
2124,The Assassin (WGUSA),WGUSA,633000.0,19400000.0,2015
2125,"Kumiko, The Treasure Hunter (Ampl.)",Ampl.,623000.0,19400000.0,2015
2126,Welcome to Me (Alc),Alc,609000.0,19400000.0,2015
2127,Black Panthers: Vanguard of the Revolution (PBS),PBS,517000.0,67200.0,2015
2128,Detective Byomkesh Bakshy (Yash),Yash,579000.0,19400000.0,2015
2129,Freeheld (LGF),LGF,573000.0,19400000.0,2015
2130,When Marnie Was There (GK),GK,561000.0,19400000.0,2015
2131,Gabbar is Back (Eros),Eros,535000.0,19400000.0,2015
2132,The Last - Naruto the Movie (Elev.),Elev.,524000.0,19400000.0,2015
2133,Peggy Guggenheim Art Addict (SD),SD,498000.0,19400000.0,2015
2134,Phantom (2015) (UTV),UTV,490000.0,19400000.0,2015
2135,Somewhere Only We Know (CL),CL,482000.0,19400000.0,2015
2136,Let's Get Married (CL),CL,463000.0,19400000.0,2015
2137,Bombay Velvet (FIP),FIP,451000.0,19400000.0,2015
2138,Attack on Titan: Part 1 (FUN),FUN,450000.0,19400000.0,2015
2139,The Third Man (2015 re-release) (Rialto),Rialto,449000.0,19400000.0,2015
2140,Saint Laurent (SPC),SPC,429000.0,19400000.0,2015
2141,Listen to Me Marlon (SHO),SHO,426000.0,19400000.0,2015
2142,Heart of a Dog (Abr.),Abr.,421000.0,19400000.0,2015
2143,The Witness (Wo shi zheng ren) (CL),CL,418000.0,19400000.0,2015
2144,Unbranded (Grav.),Grav.,410000.0,19400000.0,2015
2145,The Second Mother (Osci.),Osci.,377000.0,19400000.0,2015
2146,Kahlil Gibran's The Prophet (Gathr) (Gathr),Gathr,370000.0,19400000.0,2015
2147,Katti Batti (UTV),UTV,365000.0,19400000.0,2015
2148,Kahlil Gibran's The Prophet (GK),GK,355000.0,19400000.0,2015
2149,Effie Gray (AF),AF,353000.0,19400000.0,2015
2150,Noble (Asp.),Asp.,347000.0,19400000.0,2015
2151,Northern Limit Line (WGUSA),WGUSA,338000.0,19400000.0,2015
2152,Shamitabh (Eros),Eros,325000.0,19400000.0,2015
2153,Jafar Panahi's Taxi (KL),KL,322000.0,19400000.0,2015
2154,Good Kill (IFC),IFC,316000.0,19400000.0,2015
2155,Running Man (2015) (CL),CL,311000.0,19400000.0,2015
2156,Attack on Titan: Part 2 (FUN),FUN,306000.0,19400000.0,2015
2157,Theeb (FM),FM,283000.0,19400000.0,2015
2158,White God (Magn.),Magn.,282000.0,19400000.0,2015
2159,A Borrowed Identity (Strand),Strand,282000.0,19400000.0,2015
2160,In the Name of my Daughter (Cohen),Cohen,278000.0,19400000.0,2015
2161,Hitchcock/Truffaut (Cohen),Cohen,260000.0,19400000.0,2015
2162,Love (2015) (Alc),Alc,249000.0,19400000.0,2015
2163,Tevar (Eros),Eros,236000.0,19400000.0,2015
2164,20 Once Again (CJ),CJ,235000.0,19400000.0,2015
2165,Slow West (A24),A24,229000.0,19400000.0,2015
2166,A Royal Night Out (ADC),ADC,228000.0,19400000.0,2015
2167,A Pigeon Sat on a Branch Reflecting on Existence (Magn.),Magn.,223000.0,19400000.0,2015
2168,Pyaar Ka Punchnama 2 (Rel.),Rel.,223000.0,19400000.0,2015
2169,Fall in Love Like a Star (CL),CL,213000.0,19400000.0,2015
2170,Dark Places (A24),A24,209000.0,19400000.0,2015
2171,Heneral Luna (Abr.),Abr.,206000.0,19400000.0,2015
2172,Gemma Bovery (MBox),MBox,192000.0,19400000.0,2015
2173,The Connection (Drft.),Drft.,191000.0,19400000.0,2015
2174,Love and Lost (Shi Gu) (CL),CL,189000.0,19400000.0,2015
2175,Stonewall (2015) (RAtt.),RAtt.,188000.0,19400000.0,2015
2176,Maggie (RAtt.),RAtt.,187000.0,19400000.0,2015
2177,Detective K: Secret of the Lost Island (CJ),CJ,185000.0,19400000.0,2015
2178,The Priests (CJ),CJ,185000.0,19400000.0,2015
2179,The Farewell Party (Gold.),Gold.,173000.0,19400000.0,2015
2180,A Brilliant Young Mind (Gold.),Gold.,172000.0,19400000.0,2015
2181,Time Out of Mind (IFC),IFC,167000.0,19400000.0,2015
2182,Snow Girl and the Dark Crystal (WGUSA),WGUSA,165000.0,19400000.0,2015
2183,C'Est Si Bon (CJ),CJ,164000.0,19400000.0,2015
2184,The Last Women Standing (CL),CL,163000.0,19400000.0,2015
2185,5 to 7 (IFC),IFC,163000.0,19400000.0,2015
2186,After The Ball (Free),Free,162000.0,19400000.0,2015
2187,Human Capital (FM),FM,159000.0,19400000.0,2015
2188,Experimenter (Magn.),Magn.,156000.0,19400000.0,2015
2189,Desert Dancer (Rela.),Rela.,155000.0,19400000.0,2015
2190,Samba (BG),BG,152000.0,19400000.0,2015
2191,The Tribe (Drft.),Drft.,151000.0,19400000.0,2015
2192,Forever Young (2015) (CL),CL,150000.0,19400000.0,2015
2193,The New Girlfriend (Cohen),Cohen,147000.0,19400000.0,2015
2194,Tangerines (Gold.),Gold.,145000.0,19400000.0,2015
2195,Manglehorn (IFC),IFC,143000.0,19400000.0,2015
2196,Ingrid Bergman: In Her Own Words (Rialto),Rialto,138000.0,19400000.0,2015
2197,Twenty (2015) (CJ),CJ,136000.0,19400000.0,2015
2198,La Sapienza (KL),KL,135000.0,19400000.0,2015
2199,Mississippi Grind (A24),A24,131000.0,19400000.0,2015
2200,A Journey Through Time with Anthony (CL),CL,127000.0,19400000.0,2015
2201,Boulevard (SM),SM,126000.0,19400000.0,2015
2202,Z for Zachariah (RAtt.),RAtt.,121000.0,19400000.0,2015
2203,Do I Sound Gay? (IFC),IFC,119000.0,19400000.0,2015
2204,Love Live! The School Idol Movie (AZ),AZ,116000.0,19400000.0,2015
2205,She's Funny That Way (LGP),LGP,112000.0,19400000.0,2015
2206,Memories of the Sword (WGUSA),WGUSA,111000.0,19400000.0,2015
2207,The Look of Silence (Drft.),Drft.,109000.0,19400000.0,2015
2208,The Beauty Inside (WGUSA),WGUSA,108000.0,19400000.0,2015
2209,The Chronicles of Evil (CJ),CJ,105000.0,19400000.0,2015
2210,Every Secret Thing (SM),SM,104000.0,19400000.0,2015
2211,Ghost in the Shell: The New Movie (FUN),FUN,101000.0,19400000.0,2015
2212,Black Souls (Anime Nere) (Alc),Alc,101000.0,19400000.0,2015
2213,A Poem Is a Naked Person (2015 re-issue) (Jan.),Jan.,96600.0,19400000.0,2015
2214,Saving Mr. Wu (UEP),UEP,92700.0,19400000.0,2015
2215,The Tales of Hoffmann (2015 re-issue) (Rialto),Rialto,91900.0,19400000.0,2015
2216,Christmas Eve (Ampl.),Ampl.,91300.0,19400000.0,2015
2217,Queen of Earth (IFC),IFC,91200.0,19400000.0,2015
2218,Hero (2015) (Eros),Eros,88700.0,19400000.0,2015
2219,Sunshine Superman (Magn.),Magn.,88100.0,19400000.0,2015
2220,Heaven Knows What (RTWC),RTWC,80700.0,19400000.0,2015
2221,Nasty Baby (Orch.),Orch.,79800.0,19400000.0,2015
2222,The Wonders (Osci.),Osci.,73400.0,19400000.0,2015
2223,Predestination (VE),VE,68400.0,19400000.0,2015
2224,People Places Things (TFA),TFA,67000.0,19400000.0,2015
2225,Eden (BG),BG,65500.0,19400000.0,2015
2226,The Duke of Burgundy (IFC),IFC,64500.0,19400000.0,2015
2227,The Office (CL),CL,63700.0,19400000.0,2015
2228,Flowers (MBox),MBox,61600.0,19400000.0,2015
2229,Only You (CL),CL,61600.0,19400000.0,2015
2230,Girlhood (2015) (Strand),Strand,60800.0,19400000.0,2015
2231,Jauja (CGld),CGld,60200.0,19400000.0,2015
2232,Gueros (KL),KL,60100.0,19400000.0,2015
2233,I Smile Back (BG),BG,58700.0,19400000.0,2015
2234,The Ark of Mr. Chow (CL),CL,54100.0,19400000.0,2015
2235,Love Thy Nature (ITL),ITL,41100.0,11800.0,2015
2236,The Advocate: A Missing Body (CJ),CJ,50200.0,19400000.0,2015
2237,Heist (2015) (LGP),LGP,50100.0,19400000.0,2015
2238,Difret (TA),TA,49700.0,19400000.0,2015
2239,Appropriate Behavior (Grav.),Grav.,46900.0,19400000.0,2015
2240,Beyond the Reach (RAtt.),RAtt.,45900.0,19400000.0,2015
2241,The Salvation (IFC),IFC,44900.0,19400000.0,2015
2242,Madame Bovary (Alc),Alc,44200.0,19400000.0,2015
2243,Charlie's Country (MR),MR,42900.0,19400000.0,2015
2244,Pearl Button (KL),KL,42200.0,19400000.0,2015
2245,Queen and Country (BBC),BBC,41300.0,19400000.0,2015
2246,The Phone (CJ),CJ,40500.0,19400000.0,2015
2247,What Our Fathers Did: A Nazi Legacy (Osci.),Osci.,40100.0,19400000.0,2015
2248,Lila & Eve (Gold.),Gold.,38300.0,19400000.0,2015
2249,Before We Go (RTWC),RTWC,37200.0,19400000.0,2015
2250,The Mafia Only Kills in Summer (Distrib.),Distrib.,37100.0,19400000.0,2015
2251,Knock Knock (LGP),LGP,36300.0,19400000.0,2015
2252,Kindergarten Teacher (KL),KL,36200.0,19400000.0,2015
2253,Welcome to Leith (FRun),FRun,36000.0,19400000.0,2015
2254,Wild City (WGUSA),WGUSA,34900.0,19400000.0,2015
2255,The Forbidden Room (KL),KL,34400.0,19400000.0,2015
2256,Song One (TFA),TFA,32299.0,19400000.0,2015
2257,Love Forecast (CJ),CJ,32200.0,19400000.0,2015
2258,"Out 1, noli me tangere (CFilms)",CFilms,31500.0,19400000.0,2015
2259,"3 1/2 Minutes, 10 Bullets (Part.)",Part.,30400.0,19400000.0,2015
2260,Paulette (Cohen),Cohen,29500.0,19400000.0,2015
2261,The Cut (Strand),Strand,28100.0,19400000.0,2015
2262,The Keeping Room (Drft.),Drft.,27200.0,19400000.0,2015
2263,Big Game (EC),EC,24600.0,19400000.0,2015
2264,Kill Me Three Times (Magn.),Magn.,24300.0,19400000.0,2015
2265,"Hippocrates, Diary of a French Doctor (Distrib.)",Distrib.,23100.0,19400000.0,2015
2266,Court (Zeit.),Zeit.,22900.0,19400000.0,2015
2267,Salut D'Amour (CJ),CJ,22500.0,19400000.0,2015
2268,Mediterranea (IFC),IFC,22100.0,19400000.0,2015
2269,Noma - My Perfect Storm (Magn.),Magn.,21100.0,19400000.0,2015
2270,The Little Death (Magn.),Magn.,18200.0,19400000.0,2015
2271,Gangnam 1970 (CJ),CJ,18000.0,19400000.0,2015
2272,Strangerland (Alc),Alc,17500.0,19400000.0,2015
2273,Eastern Boys (FRun),FRun,16800.0,19400000.0,2015
2274,Extraction (LGP),LGP,16800.0,19400000.0,2015
2275,Eva (Wein.),Wein.,16700.0,19400000.0,2015
2276,The World of Kanako (Drft.),Drft.,16600.0,19400000.0,2015
2277,Zombeavers (Free),Free,14900.0,19400000.0,2015
2278,The Hallow (IFC),IFC,13900.0,19400000.0,2015
2279,Amour Fou (FM),FM,13700.0,19400000.0,2015
2280,Arabian Nights: Volume 1 - The Restless One (KL),KL,12300.0,19400000.0,2015
2281,Of Horses and Men (MBox),MBox,11900.0,19400000.0,2015
2282,Marie's Story (FM),FM,11700.0,19400000.0,2015
2283,1001 Grams (KL),KL,11000.0,19400000.0,2015
2284,Empire of Lust (CJ),CJ,10700.0,19400000.0,2015
2285,The Forecaster (FOR),FOR,10200.0,19400000.0,2015
2286,Still Life (2015) (Trib.),Trib.,9500.0,19400000.0,2015
2287,Every Thing Will be Fine (IFC),IFC,9200.0,19400000.0,2015
2288,The Lesson (FM),FM,9000.0,19400000.0,2015
2289,An Eye for Beauty (MR),MR,9000.0,19400000.0,2015
2290,Northern Soul (Free),Free,8900.0,19400000.0,2015
2291,The Girl in the Book (Free),Free,8200.0,19400000.0,2015
2292,Steak (R)evolution (KL),KL,8000.0,19400000.0,2015
2293,On the Way to School (Distrib.),Distrib.,7400.0,19400000.0,2015
2294,Hungry Hearts (IFC),IFC,6900.0,19400000.0,2015
2295,Steve McQueen: The Man & Le Mans (FR),FR,6800.0,19400000.0,2015
2296,Arabian Nights: Volume 2 - The Desolate One (KL),KL,6400.0,19400000.0,2015
2297,Alleluia (MBox),MBox,6300.0,19400000.0,2015
2298,Barely Lethal (A24),A24,6100.0,19400000.0,2015
2299,Chic! (Distrib.),Distrib.,5600.0,19400000.0,2015
2300,Far from Men (Trib.),Trib.,5300.0,19400000.0,2015
2301,The Dead Lands (Magn.),Magn.,5200.0,19400000.0,2015
2302,Jenny's Wedding (IFC),IFC,4700.0,19400000.0,2015
2303,Against the Sun (TAFC),TAFC,4600.0,19400000.0,2015
2304,Ashby (TFA),TFA,4600.0,19400000.0,2015
2305,Arabian Nights: Volume 3 - The Enchanted One (KL),KL,4500.0,19400000.0,2015
2306,The Summer of Sangaile (Strand),Strand,4500.0,19400000.0,2015
2307,Club Life (Orch.),Orch.,4400.0,19400000.0,2015
2308,Back to the Jurassic (CJ),CJ,4400.0,19400000.0,2015
2309,In the Basement (Strand),Strand,3600.0,19400000.0,2015
2310,Fidelio: Alice's Odyssey (FRun),FRun,3600.0,19400000.0,2015
2311,That Sugar Film (Gold.),Gold.,3500.0,19400000.0,2015
2312,Xenia (Strand),Strand,3200.0,19400000.0,2015
2313,The Iron Ministry (Icar.),Icar.,3200.0,19400000.0,2015
2314,The Lady in the Car with Glasses and a Gun (Magn.),Magn.,2200.0,19400000.0,2015
2315,Stations of the Cross (FM),FM,1500.0,19400000.0,2015
2316,Skin Trade (Magn.),Magn.,1200.0,19400000.0,2015
2317,Thanks to My Friends (Distrib.),Distrib.,900.0,19400000.0,2015
2318,REC 4: Apocalypse (Magn.),Magn.,800.0,19400000.0,2015
2319,It's All So Quiet (Boven is het stil) (BWP),BWP,700.0,19400000.0,2015
2320,Tough Being Loved By Jerks (KL),KL,700.0,19400000.0,2015
2321,The Chambermaid (FM),FM,300.0,19400000.0,2015
2322,Captain America: Civil War (BV),BV,408100000.0,745200000.0,2016
2323,Rogue One: A Star Wars Story (BV),BV,532200000.0,523900000.0,2016
2324,Finding Dory (BV),BV,486300000.0,542300000.0,2016
2325,Zootopia (BV),BV,341300000.0,682500000.0,2016
2326,The Jungle Book (2016) (BV),BV,364000000.0,602500000.0,2016
2327,The Secret Life of Pets (Uni.),Uni.,368400000.0,507100000.0,2016
2328,Batman v Superman: Dawn of Justice (WB),WB,330400000.0,543300000.0,2016
2329,Fantastic Beasts and Where To Find Them (WB),WB,234000000.0,580000000.0,2016
2330,Deadpool (Fox),Fox,363100000.0,420000000.0,2016
2331,Suicide Squad (WB),WB,325100000.0,421700000.0,2016
2332,Doctor Strange (BV),BV,232600000.0,445100000.0,2016
2333,Moana (BV),BV,248800000.0,394600000.0,2016
2334,Sing (Uni.),Uni.,270400000.0,363800000.0,2016
2335,The Mermaid (Mei ren yu) (Sony),Sony,3200000.0,550600000.0,2016
2336,X-Men: Apocalypse (Fox),Fox,155400000.0,388500000.0,2016
2337,Kung Fu Panda 3 (Fox),Fox,143500000.0,377600000.0,2016
2338,La La Land (LG/S),LG/S,151100000.0,295000000.0,2016
2339,Warcraft (Uni.),Uni.,47400000.0,386300000.0,2016
2340,Jason Bourne (Uni.),Uni.,162400000.0,253100000.0,2016
2341,Ice Age: Collision Course (Fox),Fox,64099999.0,344500000.0,2016
2342,Independence Day: Resurgence (Fox),Fox,103100000.0,286500000.0,2016
2343,Monster Hunt (FR),FR,32800.0,385300000.0,2016
2344,The Legend of Tarzan (WB),WB,126600000.0,230100000.0,2016
2345,The Angry Birds Movie (Sony),Sony,107500000.0,244800000.0,2016
2346,Trolls (Fox),Fox,153700000.0,193200000.0,2016
2347,Star Trek Beyond (Par.),Par.,158800000.0,184600000.0,2016
2348,Now You See Me 2 (LG/S),LG/S,65099999.0,269800000.0,2016
2349,The Conjuring 2 (WB (NL)),WB (NL),102500000.0,217900000.0,2016
2350,Passengers (2016) (Sony),Sony,100000000.0,203100000.0,2016
2351,Dangal (UTV),UTV,12400000.0,290500000.0,2016
2352,Alice Through the Looking Glass (BV),BV,77000000.0,222400000.0,2016
2353,Miss Peregrine's Home for Peculiar Children (Fox),Fox,87200000.0,209200000.0,2016
2354,Teenage Mutant Ninja Turtles: Out of the Shadows (Par.),Par.,82100000.0,163600000.0,2016
2355,Assassin's Creed (Fox),Fox,54600000.0,186300000.0,2016
2356,Sully (WB),WB,125100000.0,115700000.0,2016
2357,Hidden Figures (Fox),Fox,169600000.0,66300000.0,2016
2358,Ghostbusters (2016) (Sony),Sony,128400000.0,100800000.0,2016
2359,Inferno (Sony),Sony,34300000.0,185700000.0,2016
2360,Central Intelligence (WB (NL)),WB (NL),127400000.0,89500000.0,2016
2361,Bridget Jones's Baby (Uni.),Uni.,24300000.0,187700000.0,2016
2362,Me Before You (WB (NL)),WB (NL),56200000.0,152100000.0,2016
2363,London Has Fallen (Focus),Focus,62500000.0,143200000.0,2016
2364,Arrival (Par.),Par.,100500000.0,102800000.0,2016
2365,The Monkey King 2 in 3D (CL),CL,710000.0,193000000.0,2016
2366,Bad Moms (STX),STX,113300000.0,70700000.0,2016
2367,Storks (WB),WB,72700000.0,110700000.0,2016
2368,The BFG (BV),BV,55500000.0,127900000.0,2016
2369,The Divergent Series: Allegiant (LG/S),LG/S,66200000.0,113100000.0,2016
2370,Hacksaw Ridge (LGF),LGF,67200000.0,108100000.0,2016
2371,The Girl on the Train (2016) (Uni.),Uni.,75400000.0,97800000.0,2016
2372,Operation Mekong (WGUSA),WGUSA,800000.0,172300000.0,2016
2373,The Huntsman: Winter's War (Uni.),Uni.,48400000.0,116600000.0,2016
2374,The Magnificent Seven (2016) (Sony),Sony,93400000.0,68900000.0,2016
2375,Jack Reacher: Never Go Back (Par.),Par.,58700000.0,103400000.0,2016
2376,Don't Breathe (SGem),SGem,89200000.0,67900000.0,2016
2377,Ip Man 3 (WGUSA),WGUSA,2700000.0,154200000.0,2016
2378,The Accountant (WB),WB,86300000.0,68900000.0,2016
2379,Gods of Egypt (LG/S),LG/S,31200000.0,119500000.0,2016
2380,Lights Out (WB (NL)),WB (NL),67300000.0,81600000.0,2016
2381,Pete's Dragon (2016) (BV),BV,76200000.0,67500000.0,2016
2382,Sausage Party (Sony),Sony,97700000.0,43000000.0,2016
2383,Lion (Wein.),Wein.,51700000.0,88600000.0,2016
2384,Detective Chinatown (Tang ren jie tan an) (CL),CL,474000.0,125400000.0,2016
2385,Mechanic: Resurrection (LG/S),LG/S,21200000.0,104500000.0,2016
2386,Ride Along 2 (Uni.),Uni.,91200000.0,33400000.0,2016
2387,Deepwater Horizon (LG/S),LG/S,61400000.0,60400000.0,2016
2388,Allied (Par.),Par.,40100000.0,79400000.0,2016
2389,The Shallows (Sony),Sony,55100000.0,64000000.0,2016
2390,The Purge: Election Year (Uni.),Uni.,79200000.0,39400000.0,2016
2391,Why Him? (Fox),Fox,60300000.0,57800000.0,2016
2393,Office Christmas Party (Par.),Par.,54800000.0,59700000.0,2016
2394,How to Be Single (WB (NL)),WB (NL),46800000.0,65500000.0,2016
2395,10 Cloverfield Lane (Par.),Par.,72100000.0,38100000.0,2016
2396,The 5th Wave (Sony),Sony,34900000.0,75000000.0,2016
2397,Neighbors 2: Sorority Rising (Uni.),Uni.,55500000.0,52600000.0,2016
2398,Cold War 2 (WGUSA),WGUSA,561000.0,102600000.0,2016
2399,The Little Prince (EOne),EOne,1300000.0,96200000.0,2016
2400,Dirty Grandpa (LGF),LGF,35600000.0,58500000.0,2016
2401,Ben-Hur (2016) (Par.),Par.,26400000.0,67700000.0,2016
2402,Money Monster (TriS),TriS,41000000.0,52300000.0,2016
2403,My Big Fat Greek Wedding 2 (Uni.),Uni.,59700000.0,29200000.0,2016
2404,Collateral Beauty (WB (NL)),WB (NL),31000000.0,57500000.0,2016
2405,Train to Busan (WGUSA),WGUSA,2100000.0,85400000.0,2016
2406,Sultan (Yash),Yash,6200000.0,81100000.0,2016
2407,War Dogs (WB),WB,43000000.0,43200000.0,2016
2408,Nerve (LGF),LGF,38600000.0,46700000.0,2016
2409,Ouija: Origin of Evil (Uni.),Uni.,35100000.0,46600000.0,2016
2410,Manchester by the Sea (RAtt.),RAtt.,47700000.0,31300000.0,2016
2411,The Boss (Uni.),Uni.,63300000.0,15600000.0,2016
2412,Shin Godzilla (FUN),FUN,1900000.0,76000000.0,2016
2413,Mike and Dave Need Wedding Dates (Fox),Fox,46000000.0,31100000.0,2016
2414,Boo! A Madea Halloween (LGF),LGF,73200000.0,1600000.0,2016
2415,Miracles from Heaven (TriS),TriS,61700000.0,12200000.0,2016
2416,I Am Not Madame Bovary (WGUSA),WGUSA,437000.0,70400000.0,2016
2417,Kubo and the Two Strings (Focus),Focus,48000000.0,21900000.0,2016
2418,13 Hours: The Secret Soldiers of Benghazi (Par.),Par.,52900000.0,16600000.0,2016
2419,Moonlight (2016) (A24),A24,27900000.0,37200000.0,2016
2420,Fences (Par.),Par.,57700000.0,6700000.0,2016
2421,The Boy (2016) (STX),STX,35800000.0,28400000.0,2016
2422,"Hail, Caesar! (Uni.)",Uni.,30500000.0,33100000.0,2016
2423,The Nice Guys (WB),WB,36300000.0,26500000.0,2016
2424,L.O.R.D: Legend of Ravaging Dynasties (AR),AR,350000.0,57700000.0,2016
2425,Nine Lives (2016) (EC),EC,19700000.0,38100000.0,2016
2426,Zoolander 2 (Par.),Par.,28800000.0,27900000.0,2016
2427,Barbershop: The Next Cut (WB (NL)),WB (NL),54000000.0,1000000.0,2016
2428,The Finest Hours (BV),BV,27600000.0,24500000.0,2016
2429,Master (CJ),CJ,597000.0,51000000.0,2016
2430,Patriots Day (LGF),LGF,31900000.0,18700000.0,2016
2431,Florence Foster Jenkins (Par.),Par.,27400000.0,21500000.0,2016
2432,Mother's Day (ORF),ORF,32500000.0,15900000.0,2016
2433,Luck-Key (JBG),JBG,467000.0,47700000.0,2016
2434,Yo-kai Watch: The Movie (Elev.),Elev.,257000.0,47600000.0,2016
2435,A Monster Calls (Focus),Focus,3700000.0,43600000.0,2016
2436,Eddie the Eagle (Fox),Fox,15800000.0,30400000.0,2016
2437,Risen (Sony),Sony,36900000.0,9200000.0,2016
2438,Blair Witch (LGF),LGF,20800000.0,24400000.0,2016
2439,Cafe Society (LGF),LGF,11100000.0,32700000.0,2016
2440,Almost Christmas (Uni.),Uni.,42200000.0,422000.0,2016
2441,The Witch (A24),A24,25100000.0,15300000.0,2016
2442,The Wild Life (2016) (LG/S),LG/S,8000000.0,31500000.0,2016
2443,Criminal (2016) (LG/S),LG/S,14700000.0,24100000.0,2016
2444,Absolutely Fabulous: The Movie (FoxS),FoxS,4800000.0,33100000.0,2016
2445,Hell or High Water (LGF),LGF,27000000.0,10900000.0,2016
2446,The Forest (Focus),Focus,26600000.0,11000000.0,2016
2447,Snowden (ORF),ORF,21600000.0,15700000.0,2016
2448,Billy Lynn's Long Halftime Walk (TriS),TriS,1700000.0,29200000.0,2016
2449,When the Bough Breaks (SGem),SGem,29700000.0,911000.0,2016
2450,Nocturnal Animals (Focus),Focus,10700000.0,19600000.0,2016
2451,Keeping Up with the Joneses (Fox),Fox,14900000.0,15000000.0,2016
2452,Ae Dil Hai Mushkil (FIP),FIP,4300000.0,24100000.0,2016
2453,Fan (Yash),Yash,2300000.0,25900000.0,2016
2454,M.S. Dhoni: The Untold Story (FIP),FIP,1800000.0,26000000.0,2016
2455,The Light Between Oceans (BV),BV,12500000.0,13400000.0,2016
2456,The Brothers Grimsby (Sony),Sony,6900000.0,18300000.0,2016
2457,Race (2016) (Focus),Focus,19200000.0,5900000.0,2016
2458,Free State of Jones (STX),STX,20800000.0,4200000.0,2016
2459,A Beautiful Planet (Imax),Imax,15500000.0,9400000.0,2016
2460,God's Not Dead 2 (PFR),PFR,20800000.0,3700000.0,2016
2461,Silence (2016) (Par.),Par.,7100000.0,16600000.0,2016
2462,Middle School: The Worst Years of My Life (LGF),LGF,20000000.0,3300000.0,2016
2463,Triple 9 (ORF),ORF,12600000.0,10500000.0,2016
2464,Whiskey Tango Foxtrot (Par.),Par.,23100000.0,19400000.0,2016
2465,Captain Fantastic (BST),BST,5900000.0,16900000.0,2016
2466,Live By Night (WB),WB,10400000.0,12300000.0,2016
2467,Julieta (SPC),SPC,1500000.0,21000000.0,2016
2469,Fifty Shades of Black (ORF),ORF,11700000.0,10500000.0,2016
2470,Keanu (WB (NL)),WB (NL),20600000.0,19400000.0,2016
2471,El Clan (FIP),FIP,201000.0,20200000.0,2016
2472,The Edge of Seventeen (STX),STX,14400000.0,4400000.0,2016
2473,The Choice (LGF),LGF,18700000.0,19400000.0,2016
2474,Eye in the Sky (BST),BST,18700000.0,19400000.0,2016
2475,Bad Santa 2 (BG),BG,17800000.0,19400000.0,2016
2476,Regression (W/Dim.),W/Dim.,55000.0,17600000.0,2016
2477,Neerja (FIP),FIP,1600000.0,16000000.0,2016
2478,Masterminds (2016) (Rela.),Rela.,17400000.0,19400000.0,2016
2479,Norm of the North (LGF),LGF,17100000.0,19400000.0,2016
2480,Hardcore Henry (STX),STX,9300000.0,7600000.0,2016
2481,Pride and Prejudice and Zombies (SGem),SGem,10900000.0,5500000.0,2016
2482,The Infiltrator (BG),BG,15400000.0,19400000.0,2016
2483,Kapoor & Sons - Since 1921 (FIP),FIP,2600000.0,12800000.0,2016
2484,The Take (2016) (HTR),HTR,50300.0,14800000.0,2016
2485,Sword Master (WGUSA),WGUSA,75500.0,14600000.0,2016
2486,"Hello, My Name is Doris (RAtt.)",RAtt.,14400000.0,19400000.0,2016
2487,The Other Side of the Door (Fox),Fox,3000000.0,11300000.0,2016
2488,Love & Friendship (RAtt.),RAtt.,14000000.0,19400000.0,2016
2489,Jackie (FoxS),FoxS,14000000.0,19400000.0,2016
2490,Sing Street (Wein.),Wein.,3200000.0,10400000.0,2016
2491,Shut In (EC),EC,6900000.0,6200000.0,2016
2492,Loving (Focus),Focus,7800000.0,5200000.0,2016
2493,The Beatles: Eight Days a Week - The Touring Years (Abr.),Abr.,2900000.0,9400000.0,2016
2494,The Man Who Knew Infinity (IFC),IFC,3900000.0,8400000.0,2016
2495,No Manches Frida (PNT),PNT,11500000.0,19400000.0,2016
2496,The Darkness (BH Tilt),BH Tilt,10800000.0,19400000.0,2016
2497,Our Kind of Traitor (RAtt.),RAtt.,3200000.0,7600000.0,2016
2498,The Perfect Match (LGF),LGF,9700000.0,745000.0,2016
2499,Queen of Katwe (BV),BV,8900000.0,1500000.0,2016
2500,Miss Sloane (EC),EC,3500000.0,5600000.0,2016
2501,Ratchet & Clank (Focus),Focus,8800000.0,19400000.0,2016
2502,Morgan (Fox),Fox,3900000.0,4900000.0,2016
2503,The Lobster (US Release) (A24),A24,8700000.0,19400000.0,2016
2504,My King (Mon roi) (FM),FM,54100.0,7900000.0,2016
2505,Pele: Birth of a Legend (IFC),IFC,57000.0,7800000.0,2016
2506,A Bigger Splash (FoxS),FoxS,2000000.0,5500000.0,2016
2507,Southside with You (RAtt.),RAtt.,6300000.0,208000.0,2016
2508,The Young Messiah (Focus),Focus,6500000.0,19400000.0,2016
2509,Incarnate (BH Tilt),BH Tilt,4800000.0,1500000.0,2016
2510,Max Steel (ORF),ORF,3800000.0,2500000.0,2016
2511,Midnight Special (WB),WB,3700000.0,2500000.0,2016
2512,The Duelist (Sony),Sony,13500.0,6100000.0,2016
2513,The Autopsy of Jane Doe (IFC),IFC,10500.0,6000000.0,2016
2514,My Best Friend's Wedding (2016) (Sony),Sony,78600.0,5600000.0,2016
2515,Genius (RAtt.),RAtt.,1400000.0,4300000.0,2016
2516,20th Century Women (A24),A24,5700000.0,19400000.0,2016
2517,Hunt for the Wilderpeople (Orch.),Orch.,5200000.0,19400000.0,2016
2518,Bleed for This (ORF),ORF,5100000.0,19400000.0,2016
2519,Hands of Stone (Wein.),Wein.,4700000.0,19400000.0,2016
2520,Men & Chicken (Drft.),Drft.,30200.0,4600000.0,2016
2521,The Meddler (SPC),SPC,4300000.0,19400000.0,2016
2522,A Hologram for the King (RAtt.),RAtt.,4200000.0,19400000.0,2016
2523,Swiss Army Man (A24),A24,4200000.0,19400000.0,2016
2524,Denial (BST),BST,4099999.0,19400000.0,2016
2525,Indignation (RAtt.),RAtt.,3400000.0,523000.0,2016
2526,Kabali (CineGalaxy),CineGalaxy,3900000.0,19400000.0,2016
2527,Rules Don't Apply (Fox),Fox,3700000.0,233000.0,2016
2528,Where to Invade Next (Drft.),Drft.,3800000.0,19400000.0,2016
2529,Batman: The Killing Joke (Fathom),Fathom,3800000.0,19400000.0,2016
2530,Naam Hai Akira (FIP),FIP,219000.0,3500000.0,2016
2531,A Man Called Ove (MBox),MBox,3500000.0,19400000.0,2016
2532,Miles Ahead (SPC),SPC,2600000.0,850000.0,2016
2533,Everybody Wants Some!! (Par.),Par.,3400000.0,19400000.0,2016
2534,Maggie's Plan (SPC),SPC,3400000.0,19400000.0,2016
2535,The Program (2016) (EOne),EOne,13100.0,3300000.0,2016
2536,Green Room (A24),A24,3200000.0,19400000.0,2016
2537,The Eagle Huntress (SPC),SPC,3200000.0,19400000.0,2016
2538,Compadres (PNT),PNT,3100000.0,19400000.0,2016
2539,Desierto (STX),STX,2000000.0,1000000.0,2016
2540,Anthropoid (BST),BST,3000000.0,19400000.0,2016
2541,Hillsong - Let Hope Rise (PFR),PFR,2400000.0,255000.0,2016
2542,El Jeremias (Sony),Sony,650000.0,1900000.0,2016
2543,The Disappointments Room (Rela.),Rela.,2400000.0,19400000.0,2016
2544,Dear Zindagi (Relbig.),Relbig.,2400000.0,19400000.0,2016
2545,Elle (SPC),SPC,2300000.0,19400000.0,2016
2546,Paterson (BST),BST,2200000.0,19400000.0,2016
2547,Equals (A24),A24,33300.0,2100000.0,2016
2548,I'm Not Ashamed (PFR),PFR,2100000.0,19400000.0,2016
2549,The Dressmaker (BG),BG,2000000.0,19400000.0,2016
2550,The Handmaiden (Magn.),Magn.,2000000.0,19400000.0,2016
2551,Demolition (FoxS),FoxS,2000000.0,19400000.0,2016
2552,American Honey (A24),A24,663000.0,1200000.0,2016
2553,Busco Novio Para Mi Mujer (PNT),PNT,1700000.0,19400000.0,2016
2554,A Perfect Day (IFC),IFC,14000.0,1700000.0,2016
2555,Weiner (IFC),IFC,1700000.0,19400000.0,2016
2556,Rustom (Zee),Zee,1100000.0,571000.0,2016
2557,I Saw the Light (SPC),SPC,1600000.0,19400000.0,2016
2558,Jane Got a Gun (Wein.),Wein.,1500000.0,19400000.0,2016
2559,Toni Erdmann (SPC),SPC,1500000.0,19400000.0,2016
2560,The Neon Demon (BG),BG,1300000.0,19400000.0,2016
2561,Embrace of the Serpent (Osci.),Osci.,1300000.0,19400000.0,2016
2562,Housefull 3 (Eros),Eros,1300000.0,19400000.0,2016
2563,Mohenjo Daro (UTV),UTV,1300000.0,19400000.0,2016
2564,Lazer Team (Ampl.),Ampl.,1200000.0,19400000.0,2016
2565,The Music of Strangers (Orch.),Orch.,1200000.0,19400000.0,2016
2566,Dough (Men.),Men.,1100000.0,19400000.0,2016
2567,Ma ma (Osci.),Osci.,47300.0,1100000.0,2016
2568,Wazir (Relbig.),Relbig.,1100000.0,19400000.0,2016
2569,Papa: Hemingway in Cuba (YFG),YFG,1100000.0,19400000.0,2016
2570,Certain Women (IFC),IFC,1100000.0,19400000.0,2016
2571,The Innocents (MBox),MBox,1100000.0,19400000.0,2016
2572,Elvis & Nixon (BST),BST,1100000.0,19400000.0,2016
2573,Operation Chromite (CJ),CJ,1000000.0,19400000.0,2016
2574,Baar Baar Dekho (Eros),Eros,982000.0,19400000.0,2016
2575,Dark Horse (2016) (SPC),SPC,941000.0,19400000.0,2016
2576,Neruda (Orch.),Orch.,939000.0,19400000.0,2016
2577,Gentleman (Gaatri),Gaatri,898000.0,19400000.0,2016
2578,Ki & Ka (Eros),Eros,858000.0,19400000.0,2016
2579,Dishoom (Eros),Eros,813000.0,19400000.0,2016
2580,The Wailing (Goksung) (WGUSA),WGUSA,787000.0,19400000.0,2016
2581,Chongqing Hot Pot (CL),CL,780000.0,19400000.0,2016
2582,The Polar Express (2016 re-issue) (WB),WB,765000.0,19400000.0,2016
2583,Little Men (2016) (Magn.),Magn.,703000.0,19400000.0,2016
2584,Chaar Sahibzaade: Rise of Band Singh Bahadur (Eros),Eros,701000.0,19400000.0,2016
2585,Born to be Blue (US Release) (IFC),IFC,678000.0,19400000.0,2016
2586,City of Gold (IFC),IFC,641000.0,19400000.0,2016
2587,Remember (US Release) (A24),A24,638000.0,19400000.0,2016
2588,Embrace: The Documentary (Gathr),Gathr,629000.0,19400000.0,2016
2589,Tickled (Magn.),Magn.,614000.0,19400000.0,2016
2590,"Lo and Behold, Reveries of the Connected World (Magn.)",Magn.,595000.0,19400000.0,2016
2591,A Tale of Love and Darkness (FCW),FCW,572000.0,19400000.0,2016
2592,Tunnel (WGUSA),WGUSA,569000.0,19400000.0,2016
2593,Knight of Cups (BG),BG,566000.0,19400000.0,2016
2594,Harry & Snowman (FR),FR,561000.0,19400000.0,2016
2596,American Pastoral (LGF),LGF,544000.0,19400000.0,2016
2597,The Age of Shadows (CJ),CJ,542000.0,19400000.0,2016
2598,Fitoor (UTV),UTV,529000.0,19400000.0,2016
2599,The First Monday in May (Magn.),Magn.,527000.0,19400000.0,2016
2600,Marguerite (Cohen),Cohen,497000.0,19400000.0,2016
2601,The Boy and the Beast (FUN),FUN,491000.0,19400000.0,2016
2602,Wiener-Dog (IFC),IFC,477000.0,19400000.0,2016
2603,Our Little Sister (SPC),SPC,468000.0,19400000.0,2016
2604,Only Yesterday (2016 re-release) (GK),GK,453000.0,19400000.0,2016
2605,Baaghi (UTV),UTV,438000.0,19400000.0,2016
2606,Land of Mine (SPC),SPC,435000.0,19400000.0,2016
2607,Things To Come (IFC),IFC,388000.0,19400000.0,2016
2608,The Lobster (Canada Release) (Mon),Mon,377000.0,19400000.0,2016
2609,Mr. Donkey (CL),CL,356000.0,19400000.0,2016
2610,Happy Bhaag Jayegi (Eros),Eros,352000.0,19400000.0,2016
2611,High-Rise (Magn.),Magn.,346000.0,19400000.0,2016
2612,Te3n (Rel.),Rel.,332000.0,19400000.0,2016
2613,Francofonia (MBox),MBox,307000.0,19400000.0,2016
2614,Mia Madre (MBox),MBox,303000.0,19400000.0,2016
2615,April and the Extraordinary World (GK),GK,295000.0,19400000.0,2016
2616,Ixcanul (KL),KL,295000.0,19400000.0,2016
2617,The People vs. Fritz Bauer (Cohen),Cohen,288000.0,19400000.0,2016
2618,Aquarius (Vita.),Vita.,286000.0,19400000.0,2016
2619,Kingsglaive: Final Fantasy: XV (VE),VE,270000.0,19400000.0,2016
2620,My Golden Days (Magn.),Magn.,269000.0,19400000.0,2016
2621,The Family Fang (SM),SM,263000.0,19400000.0,2016
2622,Dheepan (IFC),IFC,262000.0,19400000.0,2016
2623,"Life, Animated (Orch.)",Orch.,255000.0,19400000.0,2016
2624,Oasis: Supersonic (A24),A24,243000.0,19400000.0,2016
2625,The Invitation (Drft.),Drft.,232000.0,19400000.0,2016
2626,Miss Hokusai (GK),GK,223000.0,19400000.0,2016
2627,Kaptaan (UTV),UTV,204000.0,19400000.0,2016
2628,League of Gods (Sony),Sony,182000.0,19400000.0,2016
2629,Viva (Magn.),Magn.,178000.0,19400000.0,2016
2630,The Wave (Magn.),Magn.,177000.0,19400000.0,2016
2631,Asura: The City of Madness (CJ),CJ,176000.0,19400000.0,2016
2632,Louder than Bombs (Orch.),Orch.,164000.0,19400000.0,2016
2633,Howards End (2016 Restoration) (Cohen),Cohen,160000.0,19400000.0,2016
2634,Sunset Song (Magn.),Magn.,160000.0,19400000.0,2016
2635,Born to be Blue (EOne),EOne,152000.0,19400000.0,2016
2636,Seasons (MBox),MBox,150000.0,19400000.0,2016
2637,Rams (Hrútar) (Cohen),Cohen,149000.0,19400000.0,2016
2638,Tumbledown (SM),SM,135000.0,19400000.0,2016
2639,The Brand New Testament (MBox),MBox,128000.0,19400000.0,2016
2640,Spirits' Homecoming (PM&E),PM&E,126000.0,19400000.0,2016
2641,Sweet Bean (KL),KL,125000.0,19400000.0,2016
2642,A War (Magn.),Magn.,123000.0,19400000.0,2016
2643,Fire at Sea (KL),KL,121000.0,19400000.0,2016
2644,Hockney (FM),FM,121000.0,19400000.0,2016
2645,Three (WGUSA),WGUSA,120000.0,19400000.0,2016
2646,Tale of Tales (IFC),IFC,119000.0,19400000.0,2016
2647,The Measure of a Man (KL),KL,112000.0,19400000.0,2016
2648,Aferim! (BWP),BWP,108000.0,19400000.0,2016
2649,Until Forever (Por Siempre) (CZ),CZ,105000.0,19400000.0,2016
2650,Under the Sun (2016) (Icar.),Icar.,105000.0,19400000.0,2016
2651,Our Last Tango (Strand),Strand,100000.0,19400000.0,2016
2652,Rock On 2 (Eros),Eros,98900.0,19400000.0,2016
2653,Seondal: The Man Who Sells the River (CJ),CJ,97500.0,19400000.0,2016
2654,So Young 2: Never Gone (CL),CL,96400.0,19400000.0,2016
2655,"New York, New York (2016) (CL)",CL,92400.0,19400000.0,2016
2656,Fireworks Wednesday (Ghop),Ghop,90500.0,19400000.0,2016
2657,No One's Life Is Easy: So I Married an Anti-Fan (CL),CL,89300.0,19400000.0,2016
2658,"My Love, Don't Cross that River (FM)",FM,88000.0,19400000.0,2016
2659,Author: The JT LeRoy Story (Magn.),Magn.,86000.0,19400000.0,2016
2660,Mountains May Depart (KL),KL,82900.0,19400000.0,2016
2661,Cock and Bull (CL),CL,82800.0,19400000.0,2016
2662,A Street Cat Named Bob (Cleopatra),Cleopatra,82700.0,19400000.0,2016
2663,Les cowboys (Cohen),Cohen,80800.0,19400000.0,2016
2664,Saala Khadoos (UTV),UTV,76900.0,19400000.0,2016
2665,The Monster (2016) (A24),A24,12500.0,62200.0,2016
2666,Dancer (IFC),IFC,71900.0,19400000.0,2016
2667,Sweet 20 (CJ),CJ,71800.0,19400000.0,2016
2668,The Dark Horse (BG),BG,67500.0,19400000.0,2016
2669,Phantom Detective (CJ),CJ,67100.0,19400000.0,2016
2670,Ran (2016 re-issue) (Rialto),Rialto,66100.0,19400000.0,2016
2671,Microbe & Gasoline (Scre.),Scre.,63800.0,19400000.0,2016
2672,Time Renegades (CJ),CJ,59400.0,19400000.0,2016
2673,Vanishing Time: A Boy Who Returned (Dreamwest),Dreamwest,57800.0,19400000.0,2016
2674,DONGJU: The Portrait of a Poet (CJ),CJ,56600.0,19400000.0,2016
2675,L'attesa (Osci.),Osci.,55800.0,19400000.0,2016
2676,The Lovers and the Despot (Magn.),Magn.,55500.0,19400000.0,2016
2677,Clown (W/Dim.),W/Dim.,55000.0,19400000.0,2016
2678,Diary of a Chambermaid (Cohen),Cohen,54200.0,19400000.0,2016
2679,High Strung (2016) (Pala.),Pala.,53400.0,19400000.0,2016
2680,The Club (MBox),MBox,52800.0,19400000.0,2016
2681,Being 17 (Strand),Strand,52700.0,19400000.0,2016
2682,The Last Man on the Moon (Grav.),Grav.,52500.0,19400000.0,2016
2683,My Annoying Brother (CJ),CJ,52000.0,19400000.0,2016
2684,Cemetery of Splendor (Strand),Strand,52000.0,19400000.0,2016
2685,Disorder (IFC),IFC,51900.0,19400000.0,2016
2686,Like for Likes (CJ),CJ,50800.0,19400000.0,2016
2687,In the Shadow of Women (Distrib.),Distrib.,50300.0,19400000.0,2016
2688,In Order of Disappearance (Magn.),Magn.,50300.0,19400000.0,2016
2689,The Treasure (SDS),SDS,50200.0,19400000.0,2016
2690,Fatima (KL),KL,50100.0,19400000.0,2016
2691,We Are X (Drft.),Drft.,45300.0,19400000.0,2016
2692,A Melody to Remember (CJ),CJ,44300.0,19400000.0,2016
2693,Phantom of the Theatre (WGUSA),WGUSA,44000.0,19400000.0,2016
2694,Mastizaade (Eros),Eros,43400.0,19400000.0,2016
2695,Closet Monster (Strand),Strand,42200.0,19400000.0,2016
2696,Troublemakers: The Story of Land Art (FRun),FRun,29500.0,9100.0,2016
2697,Come What May (Cohen),Cohen,37800.0,19400000.0,2016
2698,Until Forever (Linn),Linn,35800.0,19400000.0,2016
2699,Summertime (2016) (Strand),Strand,35300.0,19400000.0,2016
2700,Songs My Brothers Taught Me (KL),KL,34800.0,19400000.0,2016
2701,Mr. Right (FCW),FCW,34700.0,19400000.0,2016
2702,Phantom Boy (GK),GK,34400.0,19400000.0,2016
2703,Sweet Sixteen (Xia You Qiao Mu) (CL),CL,34300.0,19400000.0,2016
2704,Eisenstein in Guanajuato (Strand),Strand,34300.0,19400000.0,2016
2705,Last Cab to Darwin (FRun),FRun,34200.0,19400000.0,2016
2706,The Map Against the World (CJ),CJ,34000.0,19400000.0,2016
2707,Kaili Blues (Ghop),Ghop,32200.0,19400000.0,2016
2708,Anesthesia (IFC),IFC,32200.0,19400000.0,2016
2709,"Rio, I Love You (Scre.)",Scre.,32000.0,19400000.0,2016
2710,As I Open My Eyes (KL),KL,31000.0,19400000.0,2016
2711,The Son of Joseph (KL),KL,30600.0,19400000.0,2016
2712,From Afar (Strand),Strand,30200.0,19400000.0,2016
2713,For a Few Bullets (CL),CL,30100.0,19400000.0,2016
2714,The Last Princess (CJ),CJ,29300.0,19400000.0,2016
2715,Valley of Love (Strand),Strand,28600.0,19400000.0,2016
2716,Blackway (Electric),Electric,27100.0,19400000.0,2016
2717,Neon Bull (KL),KL,26700.0,19400000.0,2016
2718,Papa (Luo shan ji dao dan ji hua) (Jampa),Jampa,26700.0,19400000.0,2016
2719,Standing Tall (La tete haute) (Cohen),Cohen,26100.0,19400000.0,2016
2720,Chevalier (Strand),Strand,25700.0,19400000.0,2016
2721,The New Year's Eve of Old Lee (CL),CL,25400.0,19400000.0,2016
2722,Cosmos (KL),KL,25300.0,19400000.0,2016
2723,A Monster with a Thousand Heads (MBox),MBox,24900.0,19400000.0,2016
2724,Evolution (IFC),IFC,24800.0,19400000.0,2016
2725,"Right Now, Wrong Then (Ghop)",Ghop,24500.0,19400000.0,2016
2726,Lolo (FR),FR,24100.0,19400000.0,2016
2727,Sanam Teri Kasam (Eros),Eros,22100.0,19400000.0,2016
2728,Term Life (FCW),FCW,21300.0,19400000.0,2016
2729,The Sea of Trees (A24),A24,20400.0,19400000.0,2016
2730,Wildflower (Secretos del Alma) (CZ),CZ,18100.0,19400000.0,2016
2731,Colonia (Scre.),Scre.,15700.0,19400000.0,2016
2732,Argentina (FRun),FRun,14900.0,19400000.0,2016
2733,Remember You (CJ),CJ,14800.0,19400000.0,2016
2734,Adderall Diaries (A24),A24,13200.0,19400000.0,2016
2735,Neither Heaven Nor Earth (FM),FM,12800.0,19400000.0,2016
2736,The Ones Below (Magn.),Magn.,12500.0,19400000.0,2016
2737,"Kiki, Love to Love (Strand)",Strand,12500.0,19400000.0,2016
2738,Don't Call Me Son (Zeit.),Zeit.,11700.0,19400000.0,2016
2739,Jeruzalem (EpicPics),EpicPics,11300.0,19400000.0,2016
2740,Serial Killer 1 (KL),KL,10300.0,19400000.0,2016
2741,Chronic (MR),MR,9000.0,19400000.0,2016
2742,Magnus (FR),FR,8900.0,19400000.0,2016
2743,The Last King (Magn.),Magn.,8900.0,19400000.0,2016
2744,Mojave (A24),A24,8300.0,19400000.0,2016
2745,The Other Side (FM),FM,8100.0,19400000.0,2016
2746,The President (Crnth),Crnth,7600.0,19400000.0,2016
2747,They Will Have to Kill Us First (BBC),BBC,7500.0,19400000.0,2016
2748,The Carer (Crnth),Crnth,6200.0,19400000.0,2016
2749,Klown Forever (Drft.),Drft.,5700.0,19400000.0,2016
2750,Search Party (FCW),FCW,4600.0,19400000.0,2016
2751,In Harmony (Distrib.),Distrib.,3100.0,19400000.0,2016
2752,In Her Name (Au nom de ma fille) (Distrib.),Distrib.,1600.0,19400000.0,2016
2753,Next Time I'll Aim for the Heart (Distrib.),Distrib.,800.0,19400000.0,2016
2754,The Student and Mr. Henri (Distrib.),Distrib.,800.0,19400000.0,2016
2755,Down By Love (Distrib.),Distrib.,700.0,19400000.0,2016
2756,News From Planet Mars (KL),KL,300.0,19400000.0,2016
2757,Satanic (Magn.),Magn.,300.0,19400000.0,2016
2758,Star Wars: The Last Jedi (BV),BV,620200000.0,712400000.0,2017
2759,Beauty and the Beast (2017) (BV),BV,504000000.0,759500000.0,2017
2760,The Fate of the Furious (Uni.),Uni.,226000000.0,1010.0,2017
2761,Despicable Me 3 (Uni.),Uni.,264600000.0,770200000.0,2017
2762,Jumanji: Welcome to the Jungle (Sony),Sony,404500000.0,557600000.0,2017
2763,Spider-Man: Homecoming (Sony),Sony,334200000.0,546000000.0,2017
2764,Wolf Warrior 2 (HC),HC,2700000.0,867600000.0,2017
2765,Guardians of the Galaxy Vol. 2 (BV),BV,389800000.0,473900000.0,2017
2766,Thor: Ragnarok (BV),BV,315100000.0,538900000.0,2017
2767,Wonder Woman (WB),WB,412600000.0,409300000.0,2017
2768,Coco (BV),BV,209700000.0,597400000.0,2017
2769,Pirates of the Caribbean: Dead Men Tell No Tales (BV),BV,172600000.0,622300000.0,2017
2770,It (WB (NL)),WB (NL),327500000.0,372900000.0,2017
2771,Justice League (WB),WB,229000000.0,428900000.0,2017
2772,Logan (2017) (Fox),Fox,226300000.0,392700000.0,2017
2773,Transformers: The Last Knight (Par.),Par.,130199999.0,475300000.0,2017
2774,Kong: Skull Island (WB),WB,168100000.0,398600000.0,2017
2775,The Boss Baby (Fox),Fox,175000000.0,353000000.0,2017
2776,Dunkirk (WB),WB,188000000.0,337200000.0,2017
2777,War for the Planet of the Apes (Fox),Fox,146900000.0,343800000.0,2017
2778,The Greatest Showman (Fox),Fox,174300000.0,260700000.0,2017
2779,Kingsman: The Golden Circle (Fox),Fox,100200000.0,310700000.0,2017
2780,The Mummy (2017) (Uni.),Uni.,80200000.0,329000000.0,2017
2781,Cars 3 (BV),BV,152900000.0,231000000.0,2017
2782,Fifty Shades Darker (Uni.),Uni.,114600000.0,267000000.0,2017
2783,Your Name. (FUN),FUN,5000000.0,353000000.0,2017
2784,Murder on the Orient Express (2017) (Fox),Fox,102800000.0,250000000.0,2017
2785,xXx: The Return of Xander Cage (Par.),Par.,44900000.0,301200000.0,2017
2786,The Great Wall (Uni.),Uni.,45500000.0,289400000.0,2017
2787,Resident Evil: The Final Chapter (SGem),SGem,26800000.0,285400000.0,2017
2788,The LEGO Batman Movie (WB),WB,175800000.0,136200000.0,2017
2789,Annabelle: Creation (WB (NL)),WB (NL),102100000.0,204400000.0,2017
2790,Wonder (LGF),LGF,132400000.0,173500000.0,2017
2791,Ferdinand (Fox),Fox,84400000.0,211700000.0,2017
2792,Split (Uni.),Uni.,138300000.0,140200000.0,2017
2793,Blade Runner 2049 (WB),WB,92100000.0,167200000.0,2017
2794,Get Out (Uni.),Uni.,176000000.0,79400000.0,2017
2795,Kung Fu Yoga (WGUSA),WGUSA,363000.0,253800000.0,2017
2796,Baahubali 2: The Conclusion (GrtIndia),GrtIndia,20200000.0,234000000.0,2017
2797,Journey to the West: The Demons Strike Back (Sony),Sony,880000.0,245700000.0,2017
2798,Alien: Covenant (Fox),Fox,74300000.0,166600000.0,2017
2799,Baby Driver (TriS),TriS,107800000.0,119100000.0,2017
2800,Valerian and the City of a Thousand Planets (STX),STX,41200000.0,184700000.0,2017
2801,Geostorm (WB),WB,33700000.0,187900000.0,2017
2802,The Emoji Movie (Sony),Sony,86100000.0,131699999.0,2017
2803,A Dog's Purpose (Uni.),Uni.,64500000.0,140500000.0,2017
2804,Smurfs: The Lost Village (Sony),Sony,45000000.0,152200000.0,2017
2805,The Shape of Water (FoxS),FoxS,63900000.0,131400000.0,2017
2806,Pitch Perfect 3 (Uni.),Uni.,104900000.0,80500000.0,2017
2807,Daddy's Home 2 (Par.),Par.,104000000.0,76600000.0,2017
2808,The Post (Fox),Fox,81900000.0,97900000.0,2017
2809,Baywatch (Par.),Par.,58100000.0,119800000.0,2017
2810,The Hitman's Bodyguard (LG/S),LG/S,75500000.0,101100000.0,2017
2811,John Wick: Chapter Two (LG/S),LG/S,92000000.0,79500000.0,2017
2812,Ghost in the Shell (2017) (Par.),Par.,40600000.0,129199999.0,2017
2813,"Three Billboards Outside Ebbing, Missouri (FoxS)",FoxS,54500000.0,104700000.0,2017
2814,Duckweed (CL),CL,472000.0,150600000.0,2017
2815,Darkest Hour (Focus),Focus,56500000.0,94400000.0,2017
2816,King Arthur: Legend of the Sword (WB),WB,39200000.0,109500000.0,2017
2817,The Foreigner (STX),STX,34400000.0,111000000.0,2017
2818,Power Rangers (2017) (LGF),LGF,85400000.0,57000000.0,2017
2819,Girls Trip (Uni.),Uni.,115200000.0,25400000.0,2017
2820,American Made (Uni.),Uni.,51300000.0,83500000.0,2017
2821,A Bad Moms Christmas (STX),STX,72100000.0,58400000.0,2017
2822,Captain Underpants: The First Epic Movie (Fox),Fox,73900000.0,51600000.0,2017
2823,Happy Death Day (Uni.),Uni.,55700000.0,69800000.0,2017
2824,The LEGO Ninjago Movie (WB),WB,59300000.0,63800000.0,2017
2826,The Dark Tower (Sony),Sony,50700000.0,62500000.0,2017
2827,Buddies in India (CL),CL,293000.0,109300000.0,2017
2828,Leap! (Wein.),Wein.,21900000.0,81400000.0,2017
2829,Jigsaw (LGF),LGF,38100000.0,64900000.0,2017
2830,Railroad Tigers (WGUSA),WGUSA,218000.0,102000000.0,2017
2831,Life (2017) (Sony),Sony,30200000.0,70300000.0,2017
2832,Atomic Blonde (Focus),Focus,51700000.0,48300000.0,2017
2833,The Shack (LG/S),LG/S,57400000.0,39600000.0,2017
2834,Some Like It Hot (Qing Shung) (CL),CL,100000.0,95600000.0,2017
2835,Tiger Zinda Hai (Yash),Yash,5600000.0,81800000.0,2017
2836,Going in Style (2017) (WB (NL)),WB (NL),45000000.0,39900000.0,2017
2837,Rings (Par.),Par.,27800000.0,55300000.0,2017
2838,A Taxi Driver (WGUSA),WGUSA,1500000.0,80100000.0,2017
2839,Underworld: Blood Wars (SGem),SGem,30400000.0,50700000.0,2017
2840,Lady Bird (A24),A24,49000000.0,30000000.0,2017
2841,American Assassin (LGF),LGF,36200000.0,31000000.0,2017
2842,One Piece Film: Gold (FUN),FUN,424000.0,65800000.0,2017
2843,Victoria and Abdul (Focus),Focus,22200000.0,43200000.0,2017
2844,The Nut Job 2: Nutty by Nature (ORF),ORF,28400000.0,36800000.0,2017
2845,Monster Trucks (Par.),Par.,33400000.0,31100000.0,2017
2846,The Mountain Between Us (Fox),Fox,30300000.0,32500000.0,2017
2847,The Star (Sony),Sony,40900000.0,22000000.0,2017
2848,How to be a Latin Lover (PNT),PNT,32100000.0,29700000.0,2017
2849,"Everything, Everything (WB)",WB,34100000.0,27500000.0,2017
2850,Snatched (Fox),Fox,45900000.0,15000000.0,2017
2851,My Little Pony: The Movie (LGF),LGF,21900000.0,38400000.0,2017
2852,Molly's Game (STX),STX,28800000.0,30500000.0,2017
2853,All the Money in the World (TriS),TriS,25100000.0,31900000.0,2017
2854,The Big Sick (LGF),LGF,42900000.0,13500000.0,2017
2855,Confidential Assignment (CJ),CJ,476000.0,55500000.0,2017
2856,Downsizing (Par.),Par.,24400000.0,30600000.0,2017
2857,"I, Tonya (Neon)",Neon,30000000.0,23900000.0,2017
2858,Logan Lucky (BST),BST,27800000.0,20700000.0,2017
2859,Tyler Perry's Boo 2! A Madea Halloween (LGF),LGF,47300000.0,1000000.0,2017
2860,Phantom Thread (Focus),Focus,21200000.0,26600000.0,2017
2861,Rough Night (Sony),Sony,22100000.0,25200000.0,2017
2862,The Battleship Island (CJ),CJ,1100000.0,45000000.0,2017
2863,Flatliners (2017) (Sony),Sony,16900000.0,28300000.0,2017
2864,All Eyez on Me (LG/S),LG/S,44900000.0,19400000.0,2017
2865,mother! (Par.),Par.,17800000.0,26700000.0,2017
2866,47 Meters Down (ENTMP),ENTMP,44300000.0,19400000.0,2017
2867,The Snowman (Uni.),Uni.,6700000.0,36400000.0,2017
2868,Gifted (FoxS),FoxS,24800000.0,18200000.0,2017
2869,Loving Vincent (Good Deed),Good Deed,6700000.0,35500000.0,2017
2870,Call Me by Your Name (SPC),SPC,18100000.0,23800000.0,2017
2871,T2: Trainspotting (TriS),TriS,2400000.0,39300000.0,2017
2872,Fist Fight (WB (NL)),WB (NL),32200000.0,8900000.0,2017
2873,Diary of a Wimpy Kid: The Long Haul (Fox),Fox,20700000.0,19400000.0,2017
2874,The House (WB (NL)),WB (NL),25600000.0,8600000.0,2017
2875,Tad the Lost Explorer and the Secret of King Midas (ParC),ParC,5900.0,34200000.0,2017
2876,Wind River (Wein.),Wein.,33800000.0,19400000.0,2017
2877,Sleepless (ORF),ORF,20800000.0,12100000.0,2017
2878,Kidnap (2017) (Aviron),Aviron,31000000.0,19400000.0,2017
2879,The Disaster Artist (A24),A24,21100000.0,8700000.0,2017
2880,Hostiles (ENTMP),ENTMP,29800000.0,19400000.0,2017
2881,The Beguiled (2017) (Focus),Focus,10700000.0,16700000.0,2017
2882,Home Again (ORF),ORF,27000000.0,19400000.0,2017
2883,Judwaa 2 (FIP),FIP,1400000.0,25500000.0,2017
2884,CHiPs (WB),WB,18600000.0,8199999.0,2017
2885,The Bye Bye Man (STX),STX,22400000.0,4300000.0,2017
2886,A Cure for Wellness (Fox),Fox,8100000.0,18500000.0,2017
2887,The Zookeeper's Wife (Focus),Focus,17600000.0,8600000.0,2017
2888,Only The Brave (Sony),Sony,18300000.0,7400000.0,2017
2889,Father Figures (WB),WB,17500000.0,8100000.0,2017
2890,Badrinath Ki Dulhania (FIP),FIP,2000000.0,23200000.0,2017
2891,Born in China (BV),BV,13900000.0,11200000.0,2017
2892,The Founder (Wein.),Wein.,12800000.0,11300000.0,2017
2893,Jolly Llb 2 (FIP),FIP,1700000.0,21300000.0,2017
2894,The Glass Castle (LGF),LGF,17300000.0,4600000.0,2017
2895,Sword Art Online: The Movie - Ordinal Scale (Elev.),Elev.,1500000.0,19200000.0,2017
2896,The Circle (2017) (STX),STX,20500000.0,19400000.0,2017
2897,It Comes At Night (A24),A24,14000000.0,5300000.0,2017
2898,The Lost City of Z (BST),BST,8600000.0,10700000.0,2017
2899,Unforgettable (2017) (WB),WB,11400000.0,6400000.0,2017
2900,The Case for Christ (PFR),PFR,14700000.0,3000000.0,2017
2901,Detroit (Annapurna),Annapurna,16800000.0,19400000.0,2017
2902,Wonder Wheel (Amazon),Amazon,1400000.0,14500000.0,2017
2903,Gold (Wein.),Wein.,7200000.0,7700000.0,2017
2904,The Space Between Us (STX),STX,7900000.0,6900000.0,2017
2905,Wish Upon (BG),BG,14300000.0,19400000.0,2017
2906,A United Kingdom (FoxS),FoxS,3900000.0,9900000.0,2017
2907,"Roman J. Israel, Esq. (Sony)",Sony,12000000.0,1100000.0,2017
2908,Mubarakan (Sony),Sony,759000.0,12100000.0,2017
2909,Battle of the Sexes (FoxS),FoxS,12600000.0,19400000.0,2017
2910,The Promise (2017) (ORF),ORF,8199999.0,4200000.0,2017
2911,Before I Fall (ORF),ORF,12200000.0,19400000.0,2017
2912,Earth: One Amazing Day (BBC),BBC,81300.0,11600000.0,2017
2913,Thank You for Your Service (2017) (Uni.),Uni.,9500000.0,19400000.0,2017
2914,Rock Dog (LG/S),LG/S,9400000.0,19400000.0,2017
2915,My Cousin Rachel (FoxS),FoxS,2700000.0,6500000.0,2017
2916,Truman (FR),FR,211000.0,8800000.0,2017
2917,Stronger (RAtt.),RAtt.,4200000.0,4200000.0,2017
2918,Tulip Fever (Wein.),Wein.,2500000.0,5900000.0,2017
2919,Viceroy's House (IFC),IFC,1100000.0,6700000.0,2017
2920,Amityville: The Awakening (W/Dim.),W/Dim.,700.0,7700000.0,2017
2921,Just Getting Started (BG),BG,6100000.0,1600000.0,2017
2922,Beatriz At Dinner (RAtt.),RAtt.,7100000.0,310000.0,2017
2923,I am Not Your Negro (Magn.),Magn.,7100000.0,19400000.0,2017
2924,The Red Turtle (SPC),SPC,922000.0,5700000.0,2017
2925,From the Land of the Moon (IFC),IFC,47700.0,6500000.0,2017
2926,Maudie (SPC),SPC,6200000.0,19400000.0,2017
2927,All Saints (Affirm),Affirm,5800000.0,140000.0,2017
2928,The Florida Project (A24),A24,5900000.0,19400000.0,2017
2929,Suburbicon (Par.),Par.,5800000.0,19400000.0,2017
2930,The Man Who Invented Christmas (BST),BST,5700000.0,19400000.0,2017
2931,Paris Can Wait (SPC),SPC,5600000.0,19400000.0,2017
2932,Phillauri (FIP),FIP,468000.0,5000000.0,2017
2933,Ok Jaanu (FIP),FIP,356000.0,5000000.0,2017
2934,An Inconvenient Sequel: Truth to Power (Par.),Par.,3500000.0,1900000.0,2017
2935,Table 19 (FoxS),FoxS,3600000.0,1400000.0,2017
2936,Collide (ORF),ORF,2300000.0,2500000.0,2017
2937,The Wall (RAtt.),RAtt.,1800000.0,2700000.0,2017
2938,Mark Felt: The Man Who Brought Down the White House (SPC),SPC,769000.0,3600000.0,2017
2939,Terminator 2: Judgment Day 3D (Distrib.),Distrib.,1000000.0,2900000.0,2017
2940,Brad's Status (Annapurna),Annapurna,2100000.0,1700000.0,2017
2941,Friend Request (ENTMP),ENTMP,3800000.0,19400000.0,2017
2942,Their Finest (STX),STX,3600000.0,19400000.0,2017
2943,Wonderstruck (RAtt.),RAtt.,1100000.0,2200000.0,2017
2944,The Leisure Seeker (SPC),SPC,3200000.0,19400000.0,2017
2945,Raw (2017) (FCW),FCW,515000.0,2600000.0,2017
2946,Colossal (Neon),Neon,3000000.0,19400000.0,2017
2947,A Gentleman (FIP),FIP,410000.0,2500000.0,2017
2948,Inhumans (Imax),Imax,1500000.0,1300000.0,2017
2949,Kedi (Osci.),Osci.,2800000.0,19400000.0,2017
2950,The Only Living Boy in New York (RAtt.),RAtt.,624000.0,1900000.0,2017
2951,Hazlo Como Hombre (Do It Like An Hombre) (PNT),PNT,2500000.0,19400000.0,2017
2952,Poster Boys (Sony),Sony,97000.0,2400000.0,2017
2953,The Salesman (Cohen),Cohen,2400000.0,19400000.0,2017
2954,Pokemon the Movie: I Choose You! (Fathom),Fathom,2400000.0,19400000.0,2017
2955,Jeepers Creepers 3 (Scre.),Scre.,2300000.0,19400000.0,2017
2956,Un Padre No Tan Padre (PNT),PNT,2200000.0,19400000.0,2017
2957,Good Time (A24),A24,2000000.0,19400000.0,2017
2958,Everybody Loves Somebody (PNT),PNT,1900000.0,19400000.0,2017
2959,Along with the Gods: The Two Worlds (WGUSA),WGUSA,1900000.0,19400000.0,2017
2960,Youth (2017) (CL),CL,1900000.0,19400000.0,2017
2961,Last Flag Flying (LGF),LGF,965000.0,904000.0,2017
2962,A Quiet Passion (MBox),MBox,1900000.0,19400000.0,2017
2963,Free Fire (A24),A24,1800000.0,19400000.0,2017
2964,The Last Word (BST),BST,1800000.0,19400000.0,2017
2965,Human Flow (Magn.),Magn.,528000.0,1300000.0,2017
2966,Jane (2017) (Abr.),Abr.,1700000.0,19400000.0,2017
2967,A Ghost Story (A24),A24,1600000.0,19400000.0,2017
2968,The Square (Magn.),Magn.,1500000.0,19400000.0,2017
2969,Patti Cake$ (FoxS),FoxS,800000.0,682000.0,2017
2970,The Wedding Plan (RAtt.),RAtt.,1400000.0,19400000.0,2017
2971,Personal Shopper (IFC),IFC,1300000.0,19400000.0,2017
2972,Churchill (Cohen),Cohen,1300000.0,19400000.0,2017
2973,The Sense of an Ending (CBS),CBS,1300000.0,19400000.0,2017
2974,3 Idiotas (PNT),PNT,1200000.0,19400000.0,2017
2975,6 Below: Miracle on the Mountain (MOM),MOM,14800.0,1100000.0,2017
2976,Lady Macbeth (RAtt.),RAtt.,1100000.0,19400000.0,2017
2977,Film Stars Don't Die in Liverpool (SPC),SPC,1000000.0,19400000.0,2017
2978,Yu-Gi-Oh! The Dark Side of Dimensions (SV),SV,1000000.0,19400000.0,2017
2979,Lucky (2017) (Magn.),Magn.,956000.0,19400000.0,2017
2980,Faces Places (Cohen),Cohen,954000.0,19400000.0,2017
2981,Tubelight (Yash),Yash,930000.0,19400000.0,2017
2982,Frantz (MBox),MBox,881000.0,19400000.0,2017
2983,BOMBSHELL: The Hedy Lamarr Story (Zeit.),Zeit.,820000.0,19400000.0,2017
2984,Walk With Me (Gathr),Gathr,727000.0,19400000.0,2017
2985,Buena Vista Social Club: Adios (BG),BG,123000.0,578000.0,2017
2986,Titanic (20th Anniversary) (Par.),Par.,692000.0,19400000.0,2017
2987,Lost in Paris (Osci.),Osci.,692000.0,19400000.0,2017
2988,Shubh Mangal Saavdhan (Eros),Eros,690000.0,19400000.0,2017
2989,The Midwife (MBox),MBox,604000.0,19400000.0,2017
2990,3 Generations (Wein.),Wein.,156000.0,375000.0,2017
2991,Fairy Tail: Dragon Cry (FUN),FUN,519000.0,19400000.0,2017
2992,Our President (CJ),CJ,507000.0,19400000.0,2017
2993,Letters from Baghdad (Vita.),Vita.,360000.0,143000.0,2017
2994,Breathe (2017) (BST),BST,490000.0,19400000.0,2017
2995,Song to Song (BG),BG,444000.0,19400000.0,2017
2996,Tom of Finland (KL),KL,378000.0,19400000.0,2017
2997,God's Own Country (Orion),Orion,336000.0,19400000.0,2017
2998,The Breadwinner (GK),GK,312000.0,19400000.0,2017
2999,A Silent Voice (Elev.),Elev.,310000.0,19400000.0,2017
3000,My Life as a Zucchini (GK),GK,310000.0,19400000.0,2017
3001,Happy End (SPC),SPC,302000.0,19400000.0,2017
3002,After the Storm (FM),FM,272000.0,19400000.0,2017
3003,Wakefield (IFC),IFC,263000.0,19400000.0,2017
3004,"I, Daniel Blake (IFC)",IFC,260000.0,19400000.0,2017
3005,Cezanne et moi (Magn.),Magn.,258000.0,19400000.0,2017
3006,The Fortress (CJ),CJ,253000.0,19400000.0,2017
3007,Black Butler: Book of the Atlantic (FUN),FUN,248000.0,19400000.0,2017
3008,The Swindlers (WGUSA),WGUSA,242000.0,19400000.0,2017
3009,City of Ghosts (IFC),IFC,128000.0,100000.0,2017
3010,The Prison (WGUSA),WGUSA,207000.0,19400000.0,2017
3011,The Other Side of Hope (Jan.),Jan.,184000.0,19400000.0,2017
3012,Marjorie Prime (FR),FR,181000.0,19400000.0,2017
3013,Graduation (IFC),IFC,176000.0,19400000.0,2017
3014,Mr. Gaga: A True Story of Love and Dance (Abr.),Abr.,174000.0,19400000.0,2017
3015,In This Corner of the World (FUN),FUN,172000.0,19400000.0,2017
3016,David Lynch: The Art Life (Jan.),Jan.,171000.0,19400000.0,2017
3017,13 Minutes (SPC),SPC,162000.0,19400000.0,2017
3018,The Journey (IFC),IFC,155000.0,19400000.0,2017
3019,The Void (Scre.),Scre.,151000.0,19400000.0,2017
3020,Blade of the Immortal (Magn.),Magn.,151000.0,19400000.0,2017
3021,Thelma (Orch.),Orch.,147000.0,19400000.0,2017
3022,BPM (Beats Per Minute) (Orch.),Orch.,125000.0,19400000.0,2017
3023,Explosion (CL),CL,123000.0,19400000.0,2017
3024,The King's Choice (Gold.),Gold.,113000.0,19400000.0,2017
3025,Slack Bay (KL),KL,113000.0,19400000.0,2017
3026,Like Crazy (2017) (Strand),Strand,107000.0,19400000.0,2017
3027,Fabricated City (CJ),CJ,105000.0,19400000.0,2017
3028,The Lure (Jan.),Jan.,102000.0,19400000.0,2017
3029,Score: A Film Music Documentary (Grav.),Grav.,101000.0,19400000.0,2017
3030,Munna Michael (Eros),Eros,99600.0,19400000.0,2017
3031,The Mayor (WGUSA),WGUSA,96800.0,19400000.0,2017
3032,The Fencer (CFI),CFI,96000.0,19400000.0,2017
3033,Memoir of a Murderer (WGUSA),WGUSA,91300.0,19400000.0,2017
3034,The King's Case Note (CJ),CJ,91000.0,19400000.0,2017
3035,Warriors of the Dawn (FIP),FIP,84500.0,19400000.0,2017
3036,The Nile Hilton Incident (Strand),Strand,81100.0,19400000.0,2017
3037,Pop Aye (KL),KL,78000.0,19400000.0,2017
3038,I Can Speak (CJ),CJ,63200.0,19400000.0,2017
3039,Tomorrow (UTMW),UTMW,62500.0,19400000.0,2017
3040,Worlds Apart (CLS),CLS,60300.0,19400000.0,2017
3041,Extraordinary Mission (Crimson),Crimson,54200.0,19400000.0,2017
3042,The Ornithologist (Strand),Strand,50500.0,19400000.0,2017
3043,Napping Princess (GK),GK,48200.0,19400000.0,2017
3044,Twenty Two (CL),CL,46800.0,19400000.0,2017
3045,Bluebeard (WGUSA),WGUSA,43100.0,19400000.0,2017
3046,One Week and a Day (Osci.),Osci.,41600.0,19400000.0,2017
3047,The Commune (Magn.),Magn.,38700.0,19400000.0,2017
3048,A Woman's Life (KL),KL,37600.0,19400000.0,2017
3049,Afterimage (FM),FM,33400.0,19400000.0,2017
3050,Alone in Berlin (IFC),IFC,33100.0,19400000.0,2017
3051,The Villainess (WGUSA),WGUSA,27700.0,19400000.0,2017
3052,The Daughter (KL),KL,26400.0,19400000.0,2017
3053,Moscow Never Sleeps (CAVU),CAVU,25300.0,19400000.0,2017
3054,My Scientology Movie (Magn.),Magn.,22900.0,19400000.0,2017
3055,Una (EF),EF,22800.0,19400000.0,2017
3056,Bending the Arc (Abr.),Abr.,21900.0,19400000.0,2017
3057,The Girl Without Hands (GK),GK,21800.0,19400000.0,2017
3058,Whisky Galore (Arrow),Arrow,21000.0,19400000.0,2017
3059,RV: Resurrected Victims (WGUSA),WGUSA,20400.0,19400000.0,2017
3060,Better Watch Out (WGUSA),WGUSA,20400.0,19400000.0,2017
3061,Absolutely Anything (ADC),ADC,20200.0,19400000.0,2017
3062,Glory (2017) (FM),FM,18400.0,19400000.0,2017
3063,Porto (KL),KL,15100.0,19400000.0,2017
3064,Brotherhood of Blades 2: The Infernal Battlefield (WGUSA),WGUSA,14200.0,19400000.0,2017
3065,Abracadabra (Sony),Sony,14000.0,19400000.0,2017
3066,Blind (VE),VE,12500.0,19400000.0,2017
3067,Felicite (Strand),Strand,12400.0,19400000.0,2017
3068,Dead Awake (2017) (FR),FR,11500.0,19400000.0,2017
3069,The Country Doctor (Distrib.),Distrib.,8500.0,19400000.0,2017
3070,Overdrive (VE),VE,7800.0,19400000.0,2017
3071,Suntan (Strand),Strand,6600.0,19400000.0,2017
3072,Trespass Against Us (A24),A24,5700.0,19400000.0,2017
3073,The Ardennes (FM),FM,5600.0,19400000.0,2017
3074,Oro (Sony),Sony,5500.0,19400000.0,2017
3075,Singularity (VE),VE,4200.0,19400000.0,2017
3076,Emily (2017) (Hiber),Hiber,3600.0,19400000.0,2017
3077,Max & Leon (Distrib.),Distrib.,500.0,19400000.0,2017
3078,2:22 (Magn.),Magn.,400.0,19400000.0,2017
3079,Avengers: Infinity War (BV),BV,678800000.0,1369.5,2018
3080,Black Panther (BV),BV,700100000.0,646900000.0,2018
3081,Jurassic World: Fallen Kingdom (Uni.),Uni.,417700000.0,891800000.0,2018
3082,Incredibles 2 (BV),BV,608600000.0,634200000.0,2018
3083,Aquaman (WB),WB,335100000.0,812700000.0,2018
3084,Bohemian Rhapsody (Fox),Fox,216400000.0,687200000.0,2018
3085,Venom (2018) (Sony),Sony,213500000.0,641500000.0,2018
3086,Mission: Impossible - Fallout (Par.),Par.,220200000.0,571000000.0,2018
3087,Deadpool 2 (Fox),Fox,318500000.0,460500000.0,2018
3088,Fantastic Beasts: The Crimes of Grindelwald (WB),WB,159600000.0,494100000.0,2018
3089,Ant-Man and the Wasp (BV),BV,216600000.0,406000000.0,2018
3090,Ready Player One (WB),WB,137700000.0,445200000.0,2018
3091,Operation Red Sea (WGUSA),WGUSA,1500000.0,577700000.0,2018
3092,Detective Chinatown 2 (WB),WB,2000000.0,542100000.0,2018
3093,The Meg (WB),WB,145400000.0,384800000.0,2018
3094,Ralph Breaks the Internet (BV),BV,201100000.0,328100000.0,2018
3095,Hotel Transylvania 3: Summer Vacation (Sony),Sony,167500000.0,361100000.0,2018
3096,Dr. Seuss' The Grinch (2018) (Uni.),Uni.,270600000.0,241000000.0,2018
3097,Bumblebee (Par.),Par.,127200000.0,340800000.0,2018
3098,A Star is Born (2018) (WB),WB,215300000.0,218900000.0,2018
3099,Rampage (2018) (WB (NL)),WB (NL),101000000.0,327000000.0,2018
3100,Mamma Mia! Here We Go Again (Uni.),Uni.,120600000.0,274400000.0,2018
3101,Solo: A Star Wars Story (BV),BV,213800000.0,179200000.0,2018
3102,Spider-Man: Into The Spider-Verse (Sony),Sony,190200000.0,185300000.0,2018
3103,Fifty Shades Freed (Uni.),Uni.,100400000.0,271500000.0,2018
3104,The Nun (WB (NL)),WB (NL),117500000.0,248100000.0,2018
3105,Monster Hunt 2 (LGF),LGF,706000.0,361000000.0,2018
3106,Peter Rabbit (Sony),Sony,115300000.0,236000000.0,2018
3107,Mary Poppins Returns (BV),BV,172000000.0,177600000.0,2018
3108,A Quiet Place (Par.),Par.,188000000.0,152900000.0,2018
3109,Green Book (Uni.),Uni.,85100000.0,234700000.0,2018
3110,Skyscraper (Uni.),Uni.,68400000.0,236400000.0,2018
3111,Ocean's 8 (WB),WB,140200000.0,157500000.0,2018
3112,Pacific Rim Uprising (Uni.),Uni.,59900000.0,231100000.0,2018
3113,Maze Runner: The Death Cure (Fox),Fox,58000000.0,230200000.0,2018
3114,Tomb Raider (WB),WB,58300000.0,216400000.0,2018
3115,Halloween (2018) (Uni.),Uni.,159300000.0,96100000.0,2018
3116,Crazy Rich Asians (WB),WB,174500000.0,64000000.0,2018
3117,Paddington 2 (WB),WB,40900000.0,186400000.0,2018
3118,Smallfoot (WB),WB,83200000.0,130900000.0,2018
3119,Creed II (MGM),MGM,115700000.0,98300000.0,2018
3120,Disney's Christopher Robin (BV),BV,99200000.0,98500000.0,2018
3121,The Equalizer 2 (Sony),Sony,102100000.0,88300000.0,2018
3122,The Nutcracker and the Four Realms (BV),BV,54900000.0,119100000.0,2018
3123,The Mule (WB),WB,103800000.0,68700000.0,2018
3124,Insidious: The Last Key (Uni.),Uni.,67700000.0,100100000.0,2018
3125,The Predator (2018) (Fox),Fox,51000000.0,109500000.0,2018
3126,Johnny English Strikes Again (Uni.),Uni.,4400000.0,154500000.0,2018
3127,Red Sparrow (Fox),Fox,46900000.0,104700000.0,2018
3128,The First Purge (Uni.),Uni.,69500000.0,67500000.0,2018
3129,A Wrinkle in Time (BV),BV,100500000.0,32200000.0,2018
3130,The House With A Clock In Its Walls (Uni.),Uni.,68500000.0,62900000.0,2018
3131,Instant Family (Par.),Par.,67400000.0,53200000.0,2018
3132,The Commuter (LGF),LGF,36300000.0,83600000.0,2018
3133,Game Night (WB (NL)),WB (NL),69200000.0,48500000.0,2018
3134,The Monkey King 3 (WGUSA),WGUSA,187000.0,114900000.0,2018
3135,First Man (Uni.),Uni.,44900000.0,60800000.0,2018
3136,Night School (2018) (Uni.),Uni.,77300000.0,25800000.0,2018
3137,Alpha (Studio 8),Studio 8,35900000.0,62300000.0,2018
3138,A Simple Favor (LGF),LGF,53500000.0,44100000.0,2018
3139,The Favourite (FoxS),FoxS,34400000.0,61600000.0,2018
3140,Truth or Dare (Uni.),Uni.,41400000.0,53900000.0,2018
3141,I Feel Pretty (STX),STX,48800000.0,45700000.0,2018
3142,Blockers (Uni.),Uni.,60300000.0,33700000.0,2018
3143,Goosebumps 2: Haunted Halloween (Sony),Sony,46700000.0,46600000.0,2018
3144,BlacKkKlansman (Focus),Focus,49300000.0,44000000.0,2018
3145,Overboard (2018) (PNT),PNT,50300000.0,40900000.0,2018
3146,Sherlock Gnomes (Par.),Par.,43200000.0,47100000.0,2018
3147,Robin Hood (2018) (LG/S),LG/S,30800000.0,54000000.0,2018
3148,Mortal Engines (Uni.),Uni.,16000000.0,67700000.0,2018
3149,How Long Will I Love U (WGUSA),WGUSA,747000.0,82100000.0,2018
3150,Den of Thieves (STX),STX,44900000.0,35600000.0,2018
3151,Hereditary (A24),A24,44100000.0,35300000.0,2018
3152,Tag (WB (NL)),WB (NL),54700000.0,23400000.0,2018
3153,Vice (Annapurna),Annapurna,47800000.0,28200000.0,2018
3154,Widows (Fox),Fox,42400000.0,33600000.0,2018
3155,Sicario: Day of the Soldado (Sony),Sony,50100000.0,25800000.0,2018
3156,Searching (SGem),SGem,26000000.0,49400000.0,2018
3157,The Spy Who Dumped Me (LGF),LGF,33600000.0,41800000.0,2018
3158,Second Act (STX),STX,39300000.0,33000000.0,2018
3159,Sanju (FIP),FIP,7900000.0,63600000.0,2018
3160,Book Club (Par.),Par.,68600000.0,19400000.0,2018
3161,12 Strong (WB),WB,45800000.0,21600000.0,2018
3162,"Love, Simon (Fox)",Fox,40800000.0,25500000.0,2018
3163,Mile 22 (STX),STX,36100000.0,30200000.0,2018
3164,Life of the Party (WB (NL)),WB (NL),53100000.0,12800000.0,2018
3165,Isle Of Dogs (FoxS),FoxS,32000000.0,32200000.0,2018
3166,Adrift (STX),STX,31400000.0,28500000.0,2018
3167,The 15:17 to Paris (WB),WB,36300000.0,20800000.0,2018
3168,Early Man (LGF),LGF,8300000.0,46400000.0,2018
3169,Peppermint (STX),STX,35400000.0,18400000.0,2018
3170,Teen Titans Go! To The Movies (WB),WB,29800000.0,22300000.0,2018
3171,Slender Man (SGem),SGem,30600000.0,21200000.0,2018
3172,Breaking In (2018) (Uni.),Uni.,46800000.0,4600000.0,2018
3173,Once Upon a Deadpool (Fox),Fox,6100000.0,44400000.0,2018
3174,The Son of Bigfoot (VPD),VPD,289000.0,46800000.0,2018
3175,Uncle Drew (LG/S),LG/S,42500000.0,4200000.0,2018
3176,Tyler Perry's Acrimony (LGF),LGF,43500000.0,2900000.0,2018
3177,Mary Queen of Scots (Focus),Focus,16500000.0,29900000.0,2018
3178,The Possession of Hannah Grace (SGem),SGem,14800000.0,28200000.0,2018
3179,Overlord (Par.),Par.,21700000.0,20000000.0,2018
3180,The Darkest Minds (Fox),Fox,12700000.0,28400000.0,2018
3181,Holmes and Watson (Sony),Sony,30600000.0,9900000.0,2018
3182,Show Dogs (Global Road),Global Road,17900000.0,21300000.0,2018
3183,On the Basis of Sex (Focus),Focus,24600000.0,13600000.0,2018
3184,Namiya (CL),CL,70800.0,35300000.0,2018
3185,The Girl in the Spider's Web: A New Dragon Tattoo Story (Sony),Sony,14800000.0,20300000.0,2018
3186,The Hate U Give (Fox),Fox,29700000.0,5200000.0,2018
3187,Death Wish (2018) (MGM),MGM,34000000.0,19400000.0,2018
3188,Nobody's Fool (Par.),Par.,31700000.0,1800000.0,2018
3189,Bad Times At The El Royale (Fox),Fox,17800000.0,14000000.0,2018
3190,Baaghi 2 (FIP),FIP,1300000.0,29900000.0,2018
3191,The Happytime Murders (STX),STX,20700000.0,6800000.0,2018
3192,Midnight Sun (Global Road),Global Road,9600000.0,17800000.0,2018
3193,Pad Man (Sony),Sony,1700000.0,25600000.0,2018
3194,Monster Family (VPD),VPD,127000.0,26300000.0,2018
3195,White Boy Rick (Studio 8),Studio 8,24000000.0,1900000.0,2018
3196,Winchester (LGF),LGF,25100000.0,19400000.0,2018
3197,The Death of Stalin (IFC),IFC,8000000.0,16600000.0,2018
3198,Strangers: Prey at Night (Aviron),Aviron,24600000.0,19400000.0,2018
3199,"Paul, Apostle of Christ (Affirm)",Affirm,17600000.0,5500000.0,2018
3200,Padmaavat (VPD),VPD,11800000.0,11100000.0,2018
3201,Proud Mary (SGem),SGem,20900000.0,876000.0,2018
3202,Superfly (Sony),Sony,20500000.0,236000.0,2018
3203,If Beale Street Could Talk (Annapurna),Annapurna,14900000.0,5700000.0,2018
3204,Burn the Stage: The Movie (Trafalgar),Trafalgar,4200000.0,16100000.0,2018
3205,Detective K: Secret of the Living Dead (WGUSA),WGUSA,104000.0,18500000.0,2018
3206,The Wife (SPC),SPC,9600000.0,8600000.0,2018
3207,Hell Fest (LGF),LGF,11100000.0,7100000.0,2018
3208,Chappaquiddick (ENTMP),ENTMP,17400000.0,591000.0,2018
3209,They Shall Not Grow Old (WB),WB,18000000.0,19400000.0,2018
3210,Free Solo (NGE),NGE,17500000.0,19400000.0,2018
3211,The Children Act (A24),A24,548000.0,17000000.0,2018
3212,Beautiful Boy (2018) (Amazon),Amazon,7600000.0,8700000.0,2018
3213,Hunter Killer (LG/S),LG/S,15800000.0,19400000.0,2018
3214,Tully (2018) (Focus),Focus,9400000.0,6300000.0,2018
3215,Unfriended: Dark Web (BH Tilt),BH Tilt,8900000.0,6300000.0,2018
3216,Upgrade (BH Tilt),BH Tilt,12000000.0,2400000.0,2018
3217,Unsane (BST),BST,7700000.0,6600000.0,2018
3218,The Sisters Brothers (Annapurna),Annapurna,3100000.0,10000000.0,2018
3219,Welcome to Marwen (Uni.),Uni.,10800000.0,2100000.0,2018
3220,Hotel Artemis (Global Road),Global Road,6700000.0,6000000.0,2018
3221,Marrowbone (Magn.),Magn.,1400.0,12300000.0,2018
3222,102 Not Out (Sony),Sony,1300000.0,10900000.0,2018
3223,Boy Erased (Focus),Focus,6800000.0,5000000.0,2018
3224,Back to Burgundy (MBox),MBox,258000.0,11400000.0,2018
3225,The Bookshop (Greenwich),Greenwich,1600000.0,9900000.0,2018
3226,The Old Man & the Gun (FoxS),FoxS,11300000.0,19400000.0,2018
3227,Gringo (STX),STX,5000000.0,6000000.0,2018
3228,Golden Slumber (CJ),CJ,94500.0,10600000.0,2018
3229,Kin (LGF),LGF,5700000.0,4300000.0,2018
3230,The Big Bad Fox and Other Tales (GK),GK,35800.0,9600000.0,2018
3231,Traffik (LGF),LGF,9200000.0,336000.0,2018
3232,Can You Ever Forgive Me? (FoxS),FoxS,8800000.0,19400000.0,2018
3233,7 Days in Entebbe (Focus),Focus,3300000.0,5400000.0,2018
3234,Pope Francis - A Man of His Word (Focus),Focus,2000000.0,6600000.0,2018
3235,Condorito: La Pelicula (LGF),LGF,448000.0,8000000.0,2018
3236,Suspiria (Amazon),Amazon,2500000.0,5400000.0,2018
3237,Disobedience (BST),BST,3500000.0,4400000.0,2018
3238,Qué León (What A Lion) (Spanglish),Spanglish,2600000.0,5200000.0,2018
3239,Life Itself (2018) (Amazon),Amazon,4099999.0,3700000.0,2018
3240,Beirut (BST),BST,5000000.0,2500000.0,2018
3241,Return of the Hero (Distrib.),Distrib.,37100.0,7300000.0,2018
3242,Soorma (Sony),Sony,390000.0,6200000.0,2018
3243,The Hurricane Heist (ENTMP),ENTMP,6100000.0,19400000.0,2018
3244,Every Day (2018) (Orion),Orion,6100000.0,19400000.0,2018
3245,Leave No Trace (BST),BST,6000000.0,19400000.0,2018
3246,My Hero Academia: Two Heroes (FUN),FUN,5800000.0,19400000.0,2018
3247,Destroyer (Annapurna),Annapurna,1500000.0,4000000.0,2018
3248,Madame (Blue Fox),Blue Fox,91000.0,5300000.0,2018
3249,Colette (BST),BST,5100000.0,19400000.0,2018
3250,Blindspotting (LG/S),LG/S,4300000.0,530000.0,2018
3251,Cold War (2018) (Amazon),Amazon,4600000.0,19400000.0,2018
3252,Papillon (2018) (BST),BST,2300000.0,2200000.0,2018
3253,Gotti (VE),VE,4300000.0,19400000.0,2018
3254,The Mercy (Scre.),Scre.,29500.0,4200000.0,2018
3255,Hichki (Yash),Yash,330000.0,3900000.0,2018
3256,Ya Veremos (PNT),PNT,4200000.0,19400000.0,2018
3257,Don't Worry He Won't Get Far on Foot (Amazon),Amazon,1400000.0,2500000.0,2018
3258,A Private War (Aviron),Aviron,1600000.0,2200000.0,2018
3259,Ben is Back (RAtt.),RAtt.,3700000.0,19400000.0,2018
3260,Bad Samaritan (Electric),Electric,3400000.0,19400000.0,2018
3261,Gauguin: Voyage to Tahiti (Cohen),Cohen,200000.0,3100000.0,2018
3262,Shoplifters (Magn.),Magn.,3300000.0,19400000.0,2018
3263,The Front Runner (Sony),Sony,2000000.0,1200000.0,2018
3264,2001: A Space Odyssey (2018 re-release) (WB),WB,3200000.0,19400000.0,2018
3265,Wildlife (IFC),IFC,1100000.0,2000000.0,2018
3266,La Boda de Valentina (PNT),PNT,2800000.0,19400000.0,2018
3267,You Were Never Really Here (Amazon),Amazon,2500000.0,19400000.0,2018
3268,Billionaire Boy's Club (VE),VE,1300.0,2500000.0,2018
3269,The Rider (SPC),SPC,2400000.0,19400000.0,2018
3270,Mary and the Witch's Flower (GK),GK,2400000.0,19400000.0,2018
3271,Bilal: A New Breed of Hero (VE),VE,491000.0,1700000.0,2018
3272,A Fantastic Woman (SPC),SPC,2000000.0,19400000.0,2018
3273,MET Opera: La Traviata (Fathom),Fathom,1900000.0,19400000.0,2018
3274,Capernaum (SPC),SPC,1700000.0,19400000.0,2018
3275,I Still See You (LGF),LGF,1400.0,1500000.0,2018
3276,Finding Your Feet (RAtt.),RAtt.,1400000.0,19400000.0,2018
3277,Never Look Away (SPC),SPC,1300000.0,19400000.0,2018
3278,Maria by Callas (SPC),SPC,1300000.0,19400000.0,2018
3279,Mandy (RLJ),RLJ,1200000.0,19400000.0,2018
3280,Andhadhun (Eros),Eros,1200000.0,19400000.0,2018
3281,Lean on Pete (A24),A24,1200000.0,19400000.0,2018
3282,Nothing to Lose (2018) (Swen),Swen,1000000.0,19400000.0,2018
3283,Raid (2018) (Eros),Eros,1000000.0,19400000.0,2018
3284,The Insult (Cohen),Cohen,1000000.0,19400000.0,2018
3285,Little Italy (EOne),EOne,990000.0,19400000.0,2018
3286,The Catcher Was a Spy (IFC),IFC,725000.0,229000.0,2018
3287,The Miseducation of Cameron Post (FR),FR,905000.0,19400000.0,2018
3288,Kedarnath (PackYourBag),PackYourBag,901000.0,19400000.0,2018
3289,Schindler's List (2018 re-release) (Uni.),Uni.,833000.0,19400000.0,2018
3290,Mirai (GK),GK,813000.0,19400000.0,2018
3291,Beast (RAtt.),RAtt.,800000.0,19400000.0,2018
3292,Pokemon the Movie: The Power of Us (Fathom),Fathom,789000.0,19400000.0,2018
3293,The Party (2017) (RAtt.),RAtt.,750000.0,19400000.0,2018
3294,Burning (WGUSA),WGUSA,719000.0,19400000.0,2018
3295,Foxtrot (SPC),SPC,619000.0,19400000.0,2018
3296,The Sound of Music (2018 re-release) (Fathom),Fathom,616000.0,19400000.0,2018
3297,The Big Lebowski (20th Anniversary) (Fathom),Fathom,583000.0,19400000.0,2018
3298,Manmarziyaan (Eros),Eros,567000.0,19400000.0,2018
3299,Loveless (2018) (SPC),SPC,566000.0,19400000.0,2018
3300,Tommy Wiseau's The Room (Fathom),Fathom,550000.0,19400000.0,2018
3301,Fireworks (2018) (GK),GK,525000.0,19400000.0,2018
3302,The Spy Gone North (CJ),CJ,501000.0,19400000.0,2018
3303,The Happy Prince (SPC),SPC,466000.0,19400000.0,2018
3304,Final Portrait (SPC),SPC,462000.0,19400000.0,2018
3305,Bag of Marbles (Gaum.),Gaum.,411000.0,19400000.0,2018
3306,Vertigo (60th Anniversary) (Fathom),Fathom,394000.0,19400000.0,2018
3307,Oh Lucy! (FM),FM,375000.0,19400000.0,2018
3308,Mountain (Greenwich),Greenwich,365000.0,19400000.0,2018
3309,Time Freak (Grindstone),Grindstone,10000.0,256000.0,2018
3310,What They Had (BST),BST,260000.0,19400000.0,2018
3311,Batti Gul Meter Chalu (Eros),Eros,250000.0,19400000.0,2018
3312,Borg vs. McEnroe (Neon),Neon,231000.0,19400000.0,2018
3313,Matangi/Maya/M.I.A. (Abr.),Abr.,231000.0,19400000.0,2018
3314,Mazinger Z: INFINITY (Fathom),Fathom,221000.0,19400000.0,2018
3315,Fate/Stay Night: Heaven's Feel - I. Presage Flower (Fathom),Fathom,194000.0,19400000.0,2018
3316,Summer 1993 (Osci.),Osci.,186000.0,19400000.0,2018
3317,Maquia: When the Promised Flower Blooms (Subtitled) (Elev.),Elev.,186000.0,19400000.0,2018
3318,Karwaan (PackYourBag),PackYourBag,182000.0,19400000.0,2018
3319,Last Letter (CL),CL,181000.0,19400000.0,2018
3320,The Accidental Detective 2: In Action (CJ),CJ,179000.0,19400000.0,2018
3321,The Guardians (MBox),MBox,177000.0,19400000.0,2018
3322,Luis & the Aliens (VPD),VPD,170000.0,19400000.0,2018
3323,Double Lover (Cohen),Cohen,168000.0,19400000.0,2018
3324,Ghost Stories (IFC),IFC,149000.0,19400000.0,2018
3325,Museo (Vita.),Vita.,149000.0,19400000.0,2018
3326,The Little Mermaid (2018) (Conglomerate),Conglomerate,147000.0,19400000.0,2018
3327,The Young Karl Marx (Orch.),Orch.,126000.0,19400000.0,2018
3328,Becoming Astrid (MBox),MBox,120000.0,19400000.0,2018
3329,Ryuichi Sakamoto: Coda (MUBI),MUBI,117000.0,19400000.0,2018
3330,Gonjiam: Haunted Asylum (WGUSA),WGUSA,115000.0,19400000.0,2018
3331,Take Point (CJ),CJ,112000.0,19400000.0,2018
3332,The Dawn Wall (Orch.),Orch.,112000.0,19400000.0,2018
3333,The Negotiation (CJ),CJ,111000.0,19400000.0,2018
3334,The Captain (MBox),MBox,109000.0,19400000.0,2018
3335,Mary Shelley (IFC),IFC,109000.0,19400000.0,2018
3336,In Between (FM),FM,108000.0,19400000.0,2018
3337,Namaste England (Eros),Eros,104000.0,19400000.0,2018
3338,Happy Phirr Bhag Jayegi (Eros),Eros,103000.0,19400000.0,2018
3339,Ismael's Ghosts (Magn.),Magn.,103000.0,19400000.0,2018
3340,Revenge (2018) (Neon),Neon,102000.0,19400000.0,2018
3341,Unstoppable (2018) (WGUSA),WGUSA,101000.0,19400000.0,2018
3342,Reign of Judges: Title of Liberty - Concept Short (Darin Southa),Darin Southa,93200.0,5200.0,2018
3343,The Third Murder (FM),FM,89300.0,19400000.0,2018
3344,The House That Jack Built (IFC),IFC,88000.0,19400000.0,2018
3345,Custody (KL),KL,83900.0,19400000.0,2018
3346,Godard Mon Amour (Cohen),Cohen,82300.0,19400000.0,2018
3347,Just a Breath Away (EOne),EOne,78000.0,19400000.0,2018
3348,Mukkabaaz (Eros),Eros,75900.0,19400000.0,2018
3349,Keys to the Heart (CJ),CJ,75100.0,19400000.0,2018
3350,Tehran Taboo (KL),KL,74800.0,19400000.0,2018
3351,The Last Suit (OutF),OutF,73500.0,19400000.0,2018
3352,"Nico, 1988 (Magn.)",Magn.,73300.0,19400000.0,2018
3353,Antonio Lopez 1970: Sex Fashion & Disco (FM),FM,43200.0,30000.0,2018
3354,Helicopter Eela (Eros),Eros,72000.0,19400000.0,2018
3355,Under the Tree (Magn.),Magn.,67600.0,19400000.0,2018
3356,Before We Vanish (Super),Super,52100.0,19400000.0,2018
3357,I Am Not a Witch (FM),FM,50900.0,19400000.0,2018
3358,Racer & the Jailbird (Super),Super,46300.0,19400000.0,2018
3359,Rodin (Cohen),Cohen,44300.0,19400000.0,2018
3360,What Will People Say (KL),KL,44200.0,19400000.0,2018
3361,A Ciambra (IFC),IFC,41900.0,19400000.0,2018
3362,Oolong Courtyard (CL),CL,37700.0,19400000.0,2018
3363,Girls vs Gangsters (WGUSA),WGUSA,37100.0,19400000.0,2018
3364,"No Date, No Signature (Distrib.)",Distrib.,36400.0,19400000.0,2018
3365,The Apparition (2018) (MBox),MBox,28300.0,19400000.0,2018
3366,The Charmer (FM),FM,26200.0,19400000.0,2018
3367,Elliot: The Littlest Reindeer (Scre.),Scre.,24300.0,19400000.0,2018
3368,The Workshop (Strand),Strand,22100.0,19400000.0,2018
3369,Loving Pablo (Uni.),Uni.,22000.0,19400000.0,2018
3370,A Paris Education (KL),KL,21600.0,19400000.0,2018
3371,Tag Along: The Devil Fish (CL),CL,20700.0,19400000.0,2018
3372,Gabriel and the Mountain (Strand),Strand,18400.0,19400000.0,2018
3373,Marlina the Murderer in Four Acts (Icar.),Icar.,17800.0,19400000.0,2018
3374,The Escape (IFC),IFC,14000.0,19400000.0,2018
3375,How Victor 'The Garlic' Took Alexey 'The Stud' to the Nursing Home (CARUSEL),CARUSEL,13000.0,19400000.0,2018
3376,"Lou Andreas-Salomé, the Audacity to be Free (CLS)",CLS,12900.0,19400000.0,2018
3377,Let Yourself Go (Men.),Men.,12200.0,19400000.0,2018
3378,Hannah (2018) (PDF),PDF,11700.0,19400000.0,2018
3379,Souvenir (Strand),Strand,11400.0,19400000.0,2018
3380,Furious (Legend of Kolovrat) (CARUSEL),CARUSEL,10000.0,19400000.0,2018
3381,Beauty and the Dogs (Osci.),Osci.,8900.0,19400000.0,2018
3382,The Quake (Magn.),Magn.,6200.0,19400000.0,2018
3383,Edward II (2018 re-release) (FM),FM,4800.0,19400000.0,2018
3384,El Pacto (Sony),Sony,2500.0,19400000.0,2018
3385,The Swan (Synergetic),Synergetic,2400.0,19400000.0,2018
3386,An Actor Prepares (Grav.),Grav.,1700.0,19400000.0,2018
